,Name,Yrs_College,School,Conf,G,MP,FG,FGA,FG%,2P,2PA,2P%,3P,3PA,3P%,FT,FTA,FT%,TRB,AST,STL,BLK,TOV,PF,PTS,SOS
0,Patrick Ewing,4,Georgetown,Big East,37,30.6,5.9,9.5,.625,,,,,,,2.8,4.3,.638,9.2,1.3,1.1,3.6,2.2,2.9,14.6,5.77
0,Wayman Tisdale,3,Oklahoma,Big 8,37,34.7,10.0,17.3,.578,,,,,,,5.2,7.4,.703,10.2,1.3,0.9,1.4,2.0,3.0,25.2,5.61
0,Benoit Benjamin,3,Creighton,MVC,32,37.3,8.1,13.8,.582,,,,,,,5.4,7.3,.738,14.1,2.1,0.8,5.1,2.8,3.1,21.5,5.36
0,Xavier McDaniel,4,Wichita State,MVC,31,36.9,11.3,20.3,.559,,,,,,,4.6,7.2,.634,14.8,2.2,1.5,1.0,3.2,3.3,27.2,4.33
0,Jon Koncak,4,SMU,SWC,33,32.8,6.6,11.2,.592,,,,,,,3.9,5.8,.667,10.7,1.3,0.4,2.8,2.5,3.5,17.2,3.32
0,Joe Kleine,5,Arkansas,SWC,35,36.8,8.4,13.8,.607,,,,,,,5.3,7.3,.720,8.4,0.7,1.1,0.5,2.5,2.8,22.1,6.19
0,Chris Mullin,4,St. John's (NY),Big East,35,37.9,7.2,13.8,.521,,,,,,,5.5,6.7,.824,4.8,4.3,2.1,0.5,2.6,1.9,19.8,7.06
0,Detlef Schrempf,4,Washington,Pac-10,32,36.9,6.0,10.7,.558,,,,,,,3.9,5.5,.714,8.0,4.2,0.5,0.6,3.6,2.8,15.8,5.88
0,Ed Pinckney,4,Villanova,Big East,35,33.9,5.1,8.4,.600,,,,,,,5.5,7.5,.730,8.9,2.0,1.5,1.8,2.5,3.2,15.6,7.29
0,Keith Lee,4,Memphis,Metro,35,32.6,7.6,15.3,.496,,,,,,,4.5,5.7,.780,9.2,1.5,0.7,1.3,2.6,3.5,19.7,5.72
0,Kenny Green,3,Wake Forest,ACC,28,36.7,7.3,14.4,.505,,,,,,,2.5,3.8,.645,8.3,1.3,0.8,1.6,2.3,2.5,17.0,6.98
0,Karl Malone,3,Louisiana Tech,Southland,32,28.9,6.8,12.5,.541,,,,,,,3.0,5.3,.571,9.0,2.3,1.5,0.5,2.6,3.6,16.5,-1.38
0,Alfredrick Hughes,4,Loyola (IL),MW City,33,37.9,11.1,22.9,.484,,,,,,,4.1,5.9,.697,9.5,1.1,1.2,0.1,2.5,2.8,26.3,4.07
0,Blair Rasmussen,4,Oregon,Pac-10,31,34.9,6.3,12.3,.512,,,,,,,3.5,4.9,.722,7.2,1.1,0.5,1.1,2.1,3.5,16.1,5.27
0,Bill Wennington,4,St. John's (NY),Big East,35,31.4,4.8,8.0,.602,,,,,,,2.9,3.6,.816,6.4,1.6,0.6,1.5,1.6,3.4,12.5,7.06
0,Uwe Blab,4,Indiana,Big Ten,33,30.0,6.4,11.4,.565,,,,,,,3.2,4.5,.714,6.3,1.4,0.5,2.2,2.2,3.0,16.0,9.60
0,Joe Dumars,4,McNeese State,Southland,27,,9.2,18.6,.495,,,,,,,7.4,8.7,.852,4.9,3.9,2.1,0.1,2.9,2.6,25.8,-0.49
0,Steve Harris,4,Tulsa,MVC,31,34.5,8.8,16.1,.547,,,,,,,6.0,6.9,.865,4.3,2.6,2.5,0.2,2.0,2.3,23.6,3.74
0,Sam Vincent,4,Michigan State,Big Ten,29,37.7,8.4,15.5,.544,,,,,,,6.1,7.2,.846,3.9,4.0,1.4,0.1,4.0,2.9,23.0,7.70
0,Terry Catledge,3,South Alabama,Sun Belt,28,37.1,10.2,19.1,.532,,,,,,,5.3,8.9,.592,11.5,0.9,0.0,0.5,0.1,0.1,25.6,1.02
0,Jerry Reynolds,3,LSU,SEC,29,27.7,4.4,8.8,.502,,,,,,,2.2,3.7,.598,6.1,3.6,1.7,0.4,2.8,2.4,11.0,8.00
0,A.C. Green,4,Oregon State,Pac-10,31,38.4,7.0,11.7,.599,,,,,,,5.1,7.5,.680,9.2,2.0,1.4,0.6,2.4,2.1,19.1,4.27
0,Mike Smrek,4,Canisius,ECACN,28,29.0,6.1,10.2,.601,,,,,,,3.5,5.3,.655,6.9,1.1,0.5,1.9,2.8,3.1,15.8,-5.41
0,Bill Martin,4,Georgetown,Big East,38,30.2,5.2,9.5,.543,,,,,,,2.0,3.1,.650,6.2,0.7,1.0,0.3,1.8,2.4,12.3,5.77
0,Dwayne McClain,4,Villanova,Big East,35,31.8,5.9,10.3,.574,,,,,,,3.0,3.9,.774,4.1,2.2,1.0,0.4,2.4,2.9,14.8,7.29
0,Ken Johnson,4,Michigan State,Big Ten,28,35.4,4.6,7.6,.604,,,,,,,1.6,3.5,.455,10.2,0.6,0.5,2.6,2.3,2.5,10.8,7.70
0,Mike Brittain,4,South Carolina,Metro,24,26.4,4.0,9.2,.441,,,,,,,2.3,4.0,.583,7.3,1.0,0.2,2.0,2.4,2.8,10.4,2.97
0,Nick Vanos,4,Santa Clara,WCAC,29,34.6,6.7,12.9,.517,,,,,,,3.5,5.7,.618,10.8,1.7,0.7,2.0,2.9,2.6,16.8,0.34
0,Greg Stokes,4,Iowa,Big Ten,32,35.9,8.2,15.0,.547,,,,,,,3.6,5.3,.671,8.4,1.5,1.5,1.9,2.4,3.0,19.9,6.84
0,Tyrone Corbin,4,DePaul,Ind,29,34.6,6.5,12.2,.534,,,,,,,2.9,3.5,.814,8.1,2.4,1.6,0.4,2.5,2.8,15.9,4.82
0,Yvon Joseph,3,Georgia Tech,ACC,34,30.9,4.4,7.9,.563,,,,,,,2.7,3.6,.740,6.6,1.0,0.7,0.1,2.7,3.0,11.6,7.41
0,Carey Scurry,3,LIU,ECACM,28,,8.0,14.8,.542,,,,,,,5.1,7.1,.710,14.1,3.1,2.9,2.8,,,21.1,-6.93
0,Mark Acres,4,Oral Roberts,MW City,29,33.1,7.6,13.1,.582,,,,,,,3.5,5.6,.626,9.7,1.9,1.4,1.0,2.5,3.7,18.8,3.99
0,Lorenzo Charles,4,NC State,ACC,33,33.5,7.2,12.5,.574,,,,,,,3.8,5.4,.702,6.4,0.8,0.4,0.7,1.4,1.8,18.1,6.78
0,Barry Stevens,4,Iowa State,Big 8,34,35.6,8.9,17.9,.496,,,,,,,4.0,5.0,.801,4.1,1.7,1.3,0.1,2.3,2.2,21.7,5.60
0,Voise Winters,4,Bradley,MVC,30,37.7,8.7,16.5,.528,,,,,,,3.5,4.7,.732,6.5,2.3,0.7,0.3,1.9,2.4,20.9,4.33
0,Hot Rod Williams,4,Tulane,Metro,28,35.9,6.8,11.9,.566,,,,,,,4.3,5.5,.774,7.8,2.3,0.6,2.3,2.7,2.6,17.8,3.99
0,Adrian Branch,4,Maryland,ACC,37,35.1,7.3,14.3,.510,,,,,,,3.5,4.6,.762,4.9,2.2,1.2,0.5,2.7,3.3,18.1,8.47
0,Gerald Wilkins,3,Chattanooga,Southern,32,37.1,8.6,16.6,.519,,,,,,,3.8,5.9,.632,4.6,2.6,1.8,0.2,2.8,2.0,21.0,-2.04
0,Brad Wright,4,UCLA,Pac-10,33,32.4,4.0,7.6,.522,,,,,,,2.5,4.0,.634,8.7,1.9,0.7,1.3,2.1,3.3,10.5,5.12
0,Sam Mitchell,4,Mercer,TAAC,31,37.3,9.5,18.4,.516,,,,,,,6.0,8.0,.750,8.2,1.4,1.6,1.1,2.0,2.8,25.0,-7.19
0,Sedric Toney,2,Dayton,Ind,27,30.9,4.8,10.1,.474,,,,,,,3.3,4.3,.783,2.9,3.5,0.9,0.1,3.0,3.1,13.0,4.55
0,Perry Young,4,Virginia Tech,Metro,29,35.2,7.1,14.3,.499,,,,,,,4.2,6.3,.670,7.4,2.7,1.5,0.2,2.5,2.7,18.5,2.40
0,Harold Keeling,4,Santa Clara,WCAC,29,34.4,7.6,14.7,.515,,,,,,,4.6,6.4,.724,5.2,3.2,2.5,0.4,2.0,2.0,19.8,0.34
0,Michael Adams,4,Boston College,Big East,31,33.7,6.2,13.3,.467,,,,,,,2.9,3.8,.748,3.3,5.2,2.3,0.1,3.1,2.4,15.3,6.23
0,Mike Brown,4,George Washington,A-10,26,36.0,5.9,12.3,.480,5.9,12.3,.480,0.0,0.0,,4.8,7.3,.649,11.0,2.2,1.0,0.7,3.3,2.7,16.6,-1.66
0,Fred Cofield,5,Eastern Michigan,MAC,28,38.4,8.5,17.5,.485,,,,,,,3.6,4.5,.795,2.8,5.9,1.6,,,2.9,20.6,0.94
0,Alex Stivrins,5,Colorado,Big 8,27,35.8,6.3,12.4,.509,,,,,,,3.1,4.8,.659,11.7,3.7,1.4,1.2,2.6,2.7,15.7,5.28
0,Mark Davis,4,Old Dominion,Sun Belt,31,33.0,5.5,11.2,.489,,,,,,,3.0,3.8,.790,4.5,3.3,1.2,0.1,2.1,2.5,14.0,6.10
0,Scott Roth,4,Wisconsin,Big Ten,28,33.1,7.1,13.0,.542,,,,,,,4.2,5.6,.750,3.1,2.6,0.9,0.1,2.6,2.0,18.3,7.35
0,Delaney Rudd,4,Wake Forest,ACC,29,34.5,7.2,15.6,.465,,,,,,,2.2,2.7,.818,2.6,2.8,1.0,0.1,1.9,3.2,16.7,6.98
0,John Battle,4,Rutgers,A-10,29,35.1,8.0,16.2,.491,7.4,14.2,.519,0.6,2.0,.293,4.4,6.1,.729,4.0,2.6,2.6,0.2,,2.6,20.4,-0.58
0,Spud Webb,2,NC State,ACC,33,27.8,4.2,8.8,.481,,,,,,,2.6,3.4,.761,2.0,5.3,2.0,0.1,2.3,2.6,11.1,6.78
0,Pete Williams,2,Arizona,Pac-10,31,32.1,4.7,7.7,.607,,,,,,,3.1,5.5,.561,8.5,1.2,1.2,0.7,1.6,2.5,12.5,4.44
0,Derrick Gervin,3,UTSA,Ind,28,33.9,9.7,17.3,.563,,,,,,,6.2,7.6,.817,9.6,1.8,1.4,0.9,2.5,2.8,25.6,-6.42
0,Cozell McQueen,4,NC State,ACC,33,33.7,3.3,5.9,.551,,,,,,,1.7,2.8,.626,6.9,0.7,0.4,0.9,1.5,2.8,8.3,6.78
0,Dexter Shouse,2,South Alabama,Sun Belt,28,34.4,6.1,12.1,.501,,,,,,,2.1,2.8,.769,3.0,4.2,2.8,0.8,3.0,2.9,14.3,1.02
0,Ralph Lewis,4,La Salle,MAAC,28,38.0,7.2,12.9,.558,,,,,,,4.4,5.9,.739,9.6,0.9,1.9,1.4,2.4,3.1,18.7,-2.29
0,Michael Phelps,4,Alcorn State,SWAC,30,28.0,7.1,14.4,.494,,,,,,,3.6,5.1,.695,3.4,3.0,,,,,17.8,-5.59
0,Brad Daugherty,4,UNC,ACC,34,32.0,8.4,12.9,.648,,,,,,,3.5,5.1,.684,9.0,1.8,1.0,1.1,2.3,2.7,20.2,8.51
0,Chris Washburn,2,NC State,ACC,34,34.9,7.1,12.6,.562,,,,,,,3.4,5.2,.665,6.7,0.9,0.9,0.9,2.4,1.9,17.6,10.39
0,Chuck Person,4,Auburn,SEC,33,35.7,9.4,18.1,.519,,,,,,,2.7,3.4,.804,7.9,0.9,0.9,0.4,2.2,2.5,21.5,9.65
0,Kenny Walker,4,Kentucky,SEC,36,34.8,7.2,12.4,.582,,,,,,,5.6,7.3,.764,7.7,1.4,1.3,1.2,1.5,2.5,20.0,9.63
0,William Bedford,3,Memphis,Metro,32,32.4,7.1,12.2,.584,,,,,,,3.1,4.9,.628,8.5,0.6,0.3,2.7,1.6,2.3,17.3,5.48
0,Roy Tarpley,4,Michigan,Big Ten,33,31.7,6.2,11.5,.541,,,,,,,3.5,4.3,.811,8.8,1.4,1.5,2.9,2.6,3.1,15.9,9.55
0,Ron Harper,4,Miami (OH),MAC,31,36.9,10.1,18.5,.545,,,,,,,4.3,6.5,.665,11.7,4.3,3.3,2.3,2.8,2.7,24.4,-0.07
0,Brad Sellers,5,Ohio State,Big Ten,33,37.4,7.1,14.9,.476,,,,,,,5.6,6.8,.819,12.6,1.6,1.3,2.9,2.9,2.9,19.8,9.69
0,Johnny Dawkins,4,Duke,ACC,40,33.1,8.3,15.1,.549,,,,,,,3.7,4.5,.812,3.6,3.2,1.3,0.1,2.7,1.9,20.2,9.50
0,John Salley,4,Georgia Tech,ACC,34,33.7,5.1,8.4,.606,,,,,,,3.0,5.0,.594,6.7,3.4,0.8,1.7,,3.2,13.1,11.70
0,John Williams,2,LSU,SEC,37,34.5,7.3,14.6,.498,,,,,,,3.2,4.2,.774,8.5,3.3,1.2,0.6,2.6,2.9,17.8,10.71
0,Pearl Washington,3,Syracuse,Big East,32,32.3,6.8,12.6,.535,,,,,,,3.8,5.3,.726,2.5,7.8,2.6,0.0,3.3,2.7,17.3,6.65
0,Walter Berry,2,St. John's (NY),Big East,36,36.6,9.1,15.2,.598,,,,,,,4.8,6.9,.702,11.1,1.0,0.8,2.1,3.1,2.6,23.0,6.26
0,Dell Curry,4,Virginia Tech,Metro,30,37.2,10.2,19.2,.529,,,,,,,3.7,4.7,.789,6.8,3.8,2.6,0.6,3.0,2.7,24.1,5.65
0,Maurice Martin,4,St. Joseph's,A-10,30,33.2,6.6,13.5,.488,,,,,,,4.6,6.1,.750,5.8,3.2,1.8,0.4,,3.2,17.8,0.95
0,Harold Pressley,4,Villanova,Big East,37,34.8,6.1,11.9,.507,,,,,,,4.6,6.1,.768,10.1,2.4,2.2,2.2,,,16.8,6.26
0,Mark Alarie,4,Duke,ACC,40,29.8,6.6,12.3,.535,,,,,,,4.1,4.9,.822,6.2,0.7,1.5,0.7,1.9,3.0,17.2,9.50
0,Billy Thompson,4,Louisville,Metro,39,31.2,5.7,9.8,.576,,,,,,,3.6,5.0,.714,7.8,3.9,0.8,1.6,3.6,3.2,14.9,10.41
0,Buck Johnson,4,Alabama,SEC,29,37.3,8.1,14.0,.577,,,,,,,4.4,5.3,.832,8.3,1.4,1.0,1.3,2.9,3.1,20.7,9.09
0,Anthony Jones,5,UNLV,PCAA,38,33.1,7.3,14.3,.510,,,,,,,2.3,3.1,.754,5.4,2.8,1.8,0.4,1.5,2.6,17.5,4.34
0,Scott Skiles,4,Michigan State,Big Ten,31,37.8,10.7,19.3,.554,,,,,,,6.1,6.7,.900,4.4,6.5,1.7,0.0,3.3,1.8,27.4,7.98
0,Mark Price,4,Georgia Tech,ACC,34,35.4,6.9,13.0,.528,,,,,,,3.6,4.3,.855,2.8,4.4,1.9,0.1,2.6,1.8,17.4,11.70
0,Greg Dreiling,5,Kansas,Big 8,39,26.4,4.6,7.7,.600,,,,,,,2.3,3.3,.711,6.7,1.5,0.3,1.2,1.8,3.1,11.6,10.42
0,Larry Krystkowiak,4,Montana,Big Sky,32,34.9,8.1,13.9,.578,,,,,,,6.0,7.9,.760,11.4,1.5,1.0,0.3,1.8,2.5,22.2,0.12
0,Johnny Newman,4,Richmond,CAA,30,37.4,8.4,16.3,.517,,,,,,,5.1,5.7,.890,7.3,0.9,1.2,1.0,1.9,3.0,22.0,0.92
0,Nate McMillan,2,NC State,ACC,34,35.5,3.7,7.7,.485,,,,,,,1.9,2.6,.733,4.6,6.9,2.6,0.8,2.9,2.6,9.4,10.39
0,Cedric Henderson,1,Georgia,SEC,28,26.5,6.0,11.0,.544,,,,,,,3.5,5.2,.683,7.1,0.9,1.8,1.1,2.0,3.0,15.5,7.16
0,Kevin Duckworth,4,Eastern Illinois,Mid-Cont,32,32.0,7.8,12.4,.631,,,,,,,3.9,5.1,.762,9.1,0.7,0.7,1.3,2.1,3.5,19.5,-1.89
0,Johnny Rogers,5,UC-Irvine,PCAA,29,35.5,7.9,15.1,.523,,,,,,,4.2,5.1,.824,8.6,2.0,0.5,0.9,2.5,3.3,20.0,2.57
0,Milt Wagner,5,Louisville,Metro,39,33.6,5.6,11.4,.495,,,,,,,3.5,4.1,.862,3.1,4.2,1.3,0.3,3.2,2.4,14.8,10.41
0,Rafael Addison,4,Syracuse,Big East,32,31.6,6.4,12.0,.532,,,,,,,2.2,2.7,.793,5.6,4.2,1.3,0.5,2.2,2.2,15.0,6.65
0,Otis Smith,4,Jacksonville,Sun Belt,31,37.5,5.8,12.5,.465,,,,,,,3.6,4.8,.758,8.0,3.2,1.9,2.3,2.9,2.6,15.3,5.77
0,Dave Feitl,4,UTEP,WAC,33,30.8,6.3,12.5,.505,,,,,,,4.0,5.5,.725,6.8,1.2,0.3,1.2,2.2,3.3,16.6,0.60
0,David Wingate,4,Georgetown,Big East,32,29.9,6.1,12.3,.497,,,,,,,3.7,4.8,.755,4.0,2.3,1.7,0.2,2.1,2.5,15.9,6.78
0,Keith Smith,4,Loyola Marymount,WCAC,29,34.7,8.2,16.4,.500,,,,,,,4.6,5.9,.767,1.8,7.0,1.3,0.2,3.6,2.6,21.0,-1.58
0,Jeff Hornacek,4,Iowa State,Big 8,33,37.2,5.4,11.2,.478,,,,,,,2.9,3.8,.776,3.8,6.6,1.9,0.2,2.4,2.8,13.7,10.69
0,Michael Jackson,4,Georgetown,Big East,32,29.6,4.1,8.1,.500,,,,,,,2.4,3.0,.811,2.0,6.3,1.3,0.1,2.8,2.5,10.5,6.78
0,Forrest McKenzie,4,Loyola Marymount,WCAC,29,34.8,8.8,17.4,.508,,,,,,,2.4,3.0,.826,7.8,2.0,1.1,0.3,2.4,2.7,20.1,-1.58
0,Kevin Henderson,3,Cal State Fullerton,PCAA,21,27.4,6.0,11.3,.525,,,,,,,4.0,4.9,.816,1.9,4.0,1.1,0.0,2.6,2.7,15.9,1.74
0,Mike Williams,5,Bradley,MVC,35,30.4,5.7,9.3,.610,,,,,,,2.6,4.7,.561,7.1,0.9,0.7,1.0,2.4,3.1,14.0,2.58
0,Ricky Wilson,4,George Mason,CAA,32,32.8,5.6,11.6,.482,,,,,,,3.9,5.7,.687,3.1,3.8,1.1,0.2,2.7,2.4,15.1,-0.22
0,Tod Murphy,4,UC-Irvine,PCAA,30,37.2,7.0,12.6,.558,7.0,12.6,.557,0.0,0.0,1.000,6.1,8.1,.746,7.2,2.1,0.9,0.4,2.6,3.0,20.1,2.57
0,Dwayne Polee,5,Pepperdine,WCAC,30,31.5,6.0,11.1,.538,,,,,,,3.8,5.1,.750,2.8,4.2,1.5,0.3,2.9,2.8,15.7,-0.79
0,Kenny Gattison,4,Old Dominion,Sun Belt,31,32.5,7.0,11.0,.637,,,,,,,3.3,4.9,.673,7.8,1.0,1.0,1.6,2.5,2.9,17.4,5.48
0,Bruce Douglas,4,Illinois,Big Ten,32,33.4,3.7,7.8,.476,,,,,,,1.5,1.9,.783,2.8,6.2,2.8,0.3,1.7,2.1,8.8,9.44
0,Dave Henderson,4,Duke,ACC,39,27.9,5.6,10.7,.518,,,,,,,3.1,4.1,.744,4.8,2.4,1.3,0.1,,,14.2,9.50
0,John Shasky,4,Minnesota,Big Ten,30,35.6,5.8,11.1,.524,,,,,,,3.4,5.1,.664,7.0,0.7,0.5,1.9,1.5,2.7,15.0,10.34
0,Dave Hoppen,4,Nebraska,Big 8,19,35.2,7.9,12.9,.616,,,,,,,6.2,7.7,.803,7.7,1.6,0.7,0.6,1.8,2.9,22.1,8.92
0,Anthony Bowie,2,Oklahoma,Big 8,35,33.4,5.8,11.5,.502,,,,,,,1.8,2.2,.808,4.6,4.7,1.6,0.5,2.2,2.8,13.3,8.49
0,Ron Rowan,5,St. John's (NY),Big East,36,37.8,5.9,11.2,.525,,,,,,,2.4,2.8,.871,2.8,4.4,1.1,0.1,2.3,2.1,14.2,6.26
0,Andre Turner,4,Memphis,Metro,34,33.4,5.8,12.1,.478,,,,,,,2.4,2.8,.854,2.0,7.7,2.6,0.1,3.1,2.3,13.9,5.48
0,Jim Les,5,Bradley,MVC,35,36.5,5.7,11.7,.485,,,,,,,2.9,3.9,.756,3.4,7.9,1.5,0.1,2.7,2.5,14.2,2.58
0,Scott Meents,4,Illinois,Big Ten,32,15.8,2.4,4.6,.520,,,,,,,0.8,0.9,.800,2.8,1.4,0.5,0.7,1.4,1.8,5.6,9.44
0,Grant Gondrezick,4,Pepperdine,WCAC,30,22.3,4.8,8.6,.560,,,,,,,3.7,4.4,.842,3.7,2.7,0.6,0.0,1.4,2.2,13.3,-0.79
0,Myron Jackson,4,Little Rock,TAAC,34,33.1,8.3,18.2,.453,,,,,,,2.9,3.8,.767,4.0,2.1,1.1,0.1,2.1,2.8,19.4,-4.89
0,Conner Henry,4,UCSB,PCAA,27,36.3,6.0,13.7,.436,,,,,,,3.9,4.9,.789,4.9,,0.9,0.2,2.7,2.9,17.3,2.21
0,Richard Rellford,4,Michigan,Big Ten,33,23.7,4.5,7.5,.598,,,,,,,2.7,3.4,.796,4.7,0.5,0.7,0.3,1.4,2.6,11.8,9.55
0,Clinton Smith,4,Cleveland State,Mid-Cont,33,25.6,6.8,12.1,.565,,,,,,,2.5,3.7,.659,5.2,1.7,1.8,0.2,1.7,1.4,16.2,-2.48
0,Dominic Pressley,4,Boston College,Big East,27,32.8,4.9,9.7,.500,,,,,,,2.5,3.4,.731,3.4,2.7,1.9,0.3,2.5,3.5,12.2,7.05
0,Steffond Johnson,5,San Diego State,WAC,17,31.1,6.1,12.4,.490,,,,,,,3.6,6.5,.550,8.4,0.6,0.8,0.6,2.9,3.2,15.7,1.93
0,Pete Myers,2,Little Rock,TAAC,34,33.6,6.7,12.6,.534,,,,,,,5.7,7.7,.747,7.9,2.8,1.2,0.5,2.7,2.8,19.2,-4.89
0,Curtis Kitchen,4,South Florida,Sun Belt,28,32.6,2.9,5.9,.488,,,,,,,1.4,2.9,.494,8.6,0.9,0.6,3.2,2.3,3.5,7.1,4.60
0,Tim Kempton,4,Notre Dame,Ind,28,22.0,2.5,4.5,.543,,,,,,,1.5,2.1,.741,5.1,2.2,0.6,0.3,,2.0,6.5,4.16
0,Anthony Frederick,2,Pepperdine,WCAC,30,31.2,4.1,7.5,.547,,,,,,,1.2,1.9,.621,6.9,2.3,1.3,2.1,2.1,3.2,9.4,-0.79
0,David Robinson,4,Navy,CAA,32,34.6,10.9,18.5,.591,10.9,18.5,.591,0.0,0.0,1.000,6.3,9.9,.637,11.8,1.0,2.1,4.5,2.2,2.7,28.2,-1.44
0,Armen Gilliam,3,UNLV,PCAA,39,32.3,9.2,15.3,.600,9.2,,,0.0,,,4.7,6.5,.728,9.3,0.9,1.4,0.9,1.8,2.4,23.2,6.09
0,Dennis Hopson,4,Ohio State,Big Ten,33,35.1,10.2,19.8,.518,8.2,14.9,.550,2.0,4.8,.419,6.5,8.0,.814,8.2,3.6,2.2,0.6,2.8,2.3,29.0,8.48
0,Reggie Williams,4,Georgetown,Big East,34,35.4,8.4,17.3,.482,6.1,11.4,.532,2.3,5.9,.386,4.6,5.7,.804,8.6,2.7,2.1,0.6,2.2,2.7,23.6,8.01
0,Kenny Smith,4,UNC,ACC,34,32.1,6.1,12.2,.502,3.6,5.9,.602,2.6,6.3,.408,2.1,2.6,.807,2.2,6.1,1.5,0.1,3.1,1.4,16.9,8.71
0,Kevin Johnson,4,California,Pac-10,34,32.8,6.2,13.2,.471,4.8,9.6,.503,1.4,3.6,.387,3.3,4.1,.819,3.9,5.0,1.5,0.3,2.8,1.9,17.2,5.68
0,Olden Polynice,3,Virginia,ACC,30,35.8,6.1,10.7,.572,,,,,,,3.9,6.1,.637,8.0,0.5,0.3,1.1,2.9,2.9,16.1,9.39
0,Derrick McKey,3,Alabama,SEC,33,36.3,7.5,12.9,.581,6.8,11.4,.603,0.6,1.5,.420,3.0,3.5,.862,7.5,1.8,1.4,2.3,2.5,2.4,18.6,8.99
0,Horace Grant,4,Clemson,ACC,31,32.6,8.3,12.6,.656,8.2,12.5,.657,0.0,0.1,.500,4.5,6.3,.708,9.6,2.0,1.2,0.8,2.2,2.6,21.0,3.56
0,Reggie Miller,4,UCLA,Pac-10,32,36.4,7.7,14.2,.543,5.6,9.3,.597,2.2,4.9,.439,4.7,5.6,.832,5.4,2.2,2.0,0.2,1.9,2.0,22.3,6.89
0,Muggsy Bogues,4,Wake Forest,ACC,29,39.0,5.5,11.0,.500,4.3,8.2,.519,1.2,2.7,.443,2.6,3.2,.806,3.8,9.5,2.4,0.0,3.7,2.1,14.8,5.66
0,Joe Wolf,4,UNC,ACC,34,29.6,6.2,10.9,.571,5.6,9.7,.571,0.7,1.2,.575,2.0,2.6,.793,7.1,2.9,1.3,0.3,1.7,2.5,15.2,8.71
0,Tellis Frank,4,Western Kentucky,Sun Belt,38,32.9,7.4,14.3,.518,7.4,14.3,.518,0.0,0.0,,3.2,4.6,.697,7.4,2.2,1.1,0.6,2.5,3.1,18.0,2.46
0,Jose Ortiz,2,Oregon State,Pac-10,30,36.7,8.3,14.2,.584,8.2,14.1,.584,0.0,0.1,.500,5.7,7.9,.725,8.7,1.6,1.2,1.4,2.9,2.7,22.3,5.27
0,Chris Welp,4,Washington,Pac-10,35,32.7,8.0,13.5,.594,8.0,13.5,.594,0.0,0.0,,4.8,6.5,.739,9.0,1.3,1.1,1.8,2.8,3.5,20.8,4.43
0,Ronnie Murphy,4,Jacksonville,Sun Belt,30,33.5,8.1,17.4,.466,5.8,12.5,.463,2.3,4.8,.476,3.5,4.5,.791,5.6,3.6,2.3,0.8,2.8,2.9,22.0,1.96
0,Mark Jackson,4,St. John's (NY),Big East,30,39.5,6.5,13.0,.504,4.9,9.1,.540,1.6,3.9,.419,4.2,5.2,.806,3.7,6.4,2.0,0.2,2.7,2.0,18.9,7.22
0,Ken Norman,3,Illinois,Big Ten,31,35.9,8.3,14.3,.578,8.2,14.2,.581,0.0,0.1,.250,4.1,5.7,.727,9.8,2.2,1.2,1.5,2.7,2.4,20.7,8.66
0,Jim Farmer,4,Alabama,SEC,33,32.8,5.9,12.8,.466,4.8,9.9,.488,1.1,2.8,.387,3.6,4.0,.887,4.8,1.8,1.2,0.0,2.1,2.8,16.5,8.99
0,Dallas Comegys,4,DePaul,Ind,31,34.0,6.5,12.2,.532,6.5,12.2,.533,0.0,0.0,.000,4.5,6.1,.737,7.5,2.6,1.1,3.5,3.4,2.4,17.5,2.68
0,Reggie Lewis,4,Northeastern,ECACN,29,33.0,8.6,17.5,.489,7.5,14.3,.524,1.0,3.1,.330,5.2,6.8,.761,8.5,1.5,1.5,1.3,2.8,2.8,23.3,-2.25
0,Greg Anderson,4,Houston,SWC,30,35.2,7.2,13.6,.526,7.2,13.6,.526,0.0,0.0,,3.9,6.4,.604,10.6,0.6,1.4,1.9,3.0,2.5,18.2,4.50
0,Steve Alford,4,Indiana,Big Ten,34,37.0,7.1,14.9,.474,3.9,9.0,.438,3.1,5.9,.530,4.7,5.3,.889,2.6,3.6,1.1,0.1,1.9,1.5,22.0,9.10
0,Nate Blackwell,4,Temple,A-10,36,39.5,7.1,15.7,.452,4.8,10.3,.469,2.3,5.4,.420,3.4,3.8,.904,4.5,4.6,1.4,0.1,2.3,1.6,19.8,2.90
0,Rickie Winslow,4,Houston,SWC,30,34.5,5.3,10.2,.518,5.2,10.0,.522,0.1,0.3,.375,2.1,3.6,.578,7.4,2.4,1.5,0.5,2.8,3.3,12.8,4.50
0,Nikita Wilson,4,LSU,SEC,35,34.8,6.3,12.3,.513,6.3,12.3,.513,0.0,0.0,,3.0,4.5,.673,7.0,0.7,0.6,0.9,2.2,2.7,15.6,10.59
0,Andre Moore,3,Loyola (IL),MW Coll,29,39.1,8.9,17.6,.505,8.9,17.2,.515,0.0,0.3,.000,2.9,4.2,.683,12.4,1.1,1.1,2.3,2.2,2.6,20.6,1.53
0,Tony White,4,Tennessee,SEC,29,37.6,8.9,18.3,.489,8.0,15.9,.500,1.0,2.3,.412,5.7,6.3,.902,3.3,1.6,0.9,0.0,2.4,2.6,24.5,7.79
0,Brian Rowsom,4,UNC Wilmington,CAA,30,35.9,8.5,16.4,.516,8.4,16.3,.518,0.0,0.1,.250,4.8,6.5,.742,11.5,1.6,1.3,1.1,1.9,3.0,21.8,-1.32
0,Doug Lee,5,Purdue,Big Ten,30,30.6,3.8,7.9,.479,2.6,4.7,.542,1.2,3.1,.383,1.7,2.3,.725,4.7,3.7,1.0,0.0,1.9,2.7,10.4,8.08
0,Duane Washington,2,Middle Tennessee,OVC,29,34.6,3.7,7.7,.486,3.6,7.2,.500,0.1,0.4,.250,2.6,3.1,.824,4.0,8.8,3.2,0.1,3.2,2.6,10.1,-2.44
0,Norris Coleman,2,Kansas State,Big 8,19,32.3,8.1,15.9,.508,8.1,15.3,.528,0.1,0.7,.077,4.5,5.9,.752,8.4,0.4,0.9,1.4,1.7,2.3,20.7,7.17
0,Vincent Askew,3,Memphis,Metro,34,34.2,5.5,11.4,.483,5.0,10.1,.496,0.5,1.2,.381,3.6,4.6,.787,5.0,3.8,1.5,0.1,2.5,1.6,15.1,4.30
0,Winston Garland,2,Missouri State,Mid-Cont,34,32.9,8.1,16.0,.503,6.4,12.7,.502,1.7,3.3,.504,3.4,4.5,.752,2.5,4.4,1.9,0.3,2.2,2.3,21.2,-1.64
0,Kannard Johnson,4,Western Kentucky,Sun Belt,38,,5.9,10.9,.542,5.9,,,0.0,,,3.2,4.0,.803,8.2,,,,,,15.0,2.46
0,Brad Lohaus,4,Iowa,Big Ten,35,26.9,4.3,7.9,.540,3.5,5.8,.608,0.7,2.1,.347,2.1,3.0,.692,7.7,1.8,0.5,1.1,1.7,1.9,11.3,7.98
0,Phil Zevenbergen,2,Washington,Pac-10,35,33.5,6.0,11.7,.515,6.0,11.6,.516,0.0,0.0,.000,3.9,5.2,.762,8.9,1.1,0.7,0.7,2.3,2.4,15.9,4.43
0,Donald Royal,4,Notre Dame,Ind,28,36.7,4.7,8.2,.576,4.7,8.2,.576,0.0,0.0,,6.4,7.8,.820,7.0,1.3,1.0,0.4,,3.3,15.8,6.04
0,Winston Crite,4,Texas A&M,SWC,31,36.0,6.5,11.7,.561,6.5,11.6,.562,0.0,0.0,.000,3.7,5.6,.665,7.4,1.3,0.8,2.0,2.2,3.3,16.8,3.35
0,Darryl Johnson,4,Michigan State,Big Ten,28,37.2,8.8,16.7,.529,8.4,15.4,.542,0.5,1.3,.371,4.0,4.4,.910,3.4,4.0,2.1,0.4,3.6,2.6,22.1,7.94
0,Kevin Gamble,2,Iowa,Big Ten,35,24.8,4.6,8.5,.544,3.9,6.3,.617,0.7,2.2,.329,2.0,2.8,.697,4.5,1.7,1.1,0.2,1.3,2.1,11.9,7.98
0,Eric White,4,Pepperdine,WCAC,30,35.6,7.7,16.4,.472,7.7,16.4,.473,0.0,0.0,.000,3.8,5.3,.723,7.7,1.2,0.9,0.4,2.6,2.9,19.3,2.03
0,Billy Donovan,4,Providence,Big East,34,36.3,6.0,13.7,.435,3.1,6.8,.461,2.9,7.0,.409,5.9,6.9,.843,3.0,7.1,2.4,0.1,3.2,2.9,20.6,5.46
0,Joe Arlauckas,4,Niagara,ECACN,29,29.5,7.4,14.1,.527,7.4,13.9,.532,0.1,0.3,.250,2.1,3.0,.690,7.2,2.2,1.0,2.3,2.0,2.6,17.0,-4.43
0,Chris Dudley,4,Yale,Ivy,24,31.2,6.9,12.1,.569,6.9,12.1,.569,0.0,0.0,,4.0,7.4,.542,13.3,0.6,0.6,2.8,2.4,3.5,17.6,-4.91
0,Jack Haley,3,UCLA,Pac-10,32,23.1,1.8,3.8,.467,1.8,3.8,.467,0.0,0.0,,1.6,2.6,.619,4.7,0.9,0.2,0.5,1.6,2.8,5.2,6.89
0,Dave Popson,4,UNC,ACC,36,22.3,4.3,7.9,.541,4.3,7.8,.543,0.0,0.0,.000,1.5,1.9,.771,4.8,1.3,0.7,0.8,1.4,2.7,10.0,8.71
0,Martin Nessley,4,Duke,ACC,33,11.4,1.6,2.8,.570,1.6,2.8,.570,0.0,0.0,,1.1,1.7,.649,2.9,0.5,0.4,0.7,0.9,2.3,4.3,7.16
0,Danny Manning,4,Kansas,Big 8,38,35.2,10.0,17.2,.583,9.8,16.5,.593,0.2,0.7,.346,4.5,6.1,.734,9.0,2.0,1.8,1.9,3.0,3.0,24.8,10.77
0,Rik Smits,4,Marist,ECACM,27,31.9,9.3,14.9,.623,9.3,14.9,.626,0.0,0.1,.000,6.1,8.4,.735,8.7,0.6,0.3,3.9,3.0,3.2,24.7,-10.46
0,Charles Smith,4,Pitt,Big East,31,32.9,6.8,12.2,.558,6.7,11.8,.567,0.1,0.4,.273,5.2,6.8,.764,7.7,1.8,1.2,3.1,2.2,3.0,18.9,8.15
0,Chris Morris,4,Auburn,SEC,30,33.9,8.0,16.7,.481,6.9,13.5,.515,1.1,3.2,.340,3.5,4.4,.795,9.8,2.7,1.7,1.3,2.6,2.8,20.7,9.24
0,Mitch Richmond,2,Kansas State,Big 8,34,35.3,7.9,15.3,.514,6.5,12.4,.525,1.4,2.9,.469,5.5,7.1,.775,6.3,3.7,0.7,0.4,3.4,2.3,22.6,10.14
0,Hersey Hawkins,4,Bradley,MVC,31,38.8,12.2,23.2,.524,9.4,16.1,.581,2.8,7.1,.394,9.2,10.8,.848,7.8,3.6,2.6,0.8,2.1,2.5,36.3,1.53
0,Tim Perry,4,Temple,A-10,33,33.4,6.2,10.5,.585,6.2,10.5,.585,0.0,0.0,,2.2,3.4,.637,8.0,0.7,0.8,3.6,1.3,2.1,14.5,2.99
0,Rex Chapman,2,Kentucky,SEC,32,34.6,7.2,14.4,.501,5.2,9.4,.546,2.1,5.0,.415,2.5,3.2,.794,2.9,3.7,1.7,0.5,2.7,1.9,19.0,8.87
0,Rony Seikaly,4,Syracuse,Big East,35,31.0,6.2,11.0,.566,6.2,11.0,.566,0.0,0.0,,3.8,6.7,.568,9.6,0.6,0.7,2.4,2.5,3.0,16.3,8.55
0,Willie Anderson,4,Georgia,SEC,35,33.2,6.9,13.8,.500,6.6,12.5,.527,0.3,1.3,.227,2.6,3.3,.784,5.1,4.0,1.9,1.4,3.7,2.8,16.7,7.60
0,Will Perdue,4,Vanderbilt,SEC,31,32.7,7.5,11.9,.634,7.5,11.9,.634,0.0,0.0,,3.2,4.7,.673,10.1,2.6,0.4,2.4,2.1,3.4,18.3,7.94
0,Harvey Grant,4,Oklahoma,Big 8,39,34.3,9.0,16.4,.547,8.9,16.1,.554,0.1,0.4,.214,2.9,4.0,.729,9.4,1.4,1.6,0.8,1.5,2.6,20.9,7.61
0,Jeff Grayer,4,Iowa State,Big 8,32,36.4,9.8,18.7,.523,9.1,16.8,.545,0.6,1.9,.328,5.2,7.3,.711,9.4,2.3,1.8,0.6,2.2,2.7,25.3,7.52
0,Dan Majerle,4,Central Michigan,MAC,32,37.4,8.7,16.7,.521,7.3,13.6,.539,1.4,3.2,.446,4.9,7.6,.645,10.8,2.5,1.5,0.9,0.1,2.4,23.7,-2.16
0,Gary Grant,4,Michigan,Big Ten,34,35.0,7.9,14.9,.530,6.6,12.0,.550,1.3,2.9,.444,4.0,4.9,.808,3.4,6.9,2.4,0.1,4.4,2.5,21.1,9.06
0,Derrick Chievous,4,Missouri,Big 8,30,31.4,8.1,15.9,.507,7.5,14.8,.507,0.6,1.1,.515,6.7,8.7,.766,8.5,1.6,1.5,0.1,2.3,2.2,23.4,9.13
0,Eric Leckner,4,Wyoming,WAC,32,30.4,5.7,8.8,.644,5.7,8.8,.644,0.0,0.0,,4.1,5.4,.756,6.6,0.4,0.9,1.3,,3.0,15.4,3.70
0,Ricky Berry,5,San Jose State,PCAA,29,36.5,8.6,17.9,.481,6.7,13.5,.492,2.0,4.4,.445,5.0,6.1,.815,7.2,3.9,1.2,0.5,,3.5,24.2,6.14
0,Rod Strickland,3,DePaul,Ind,26,32.2,8.0,15.1,.528,7.0,13.0,.541,0.9,2.1,.444,3.2,5.3,.606,3.8,7.8,2.9,0.2,3.1,2.0,20.0,3.23
0,Kevin Edwards,2,DePaul,Ind,30,33.3,7.3,13.8,.533,6.5,11.9,.546,0.8,1.9,.446,2.8,3.5,.783,5.3,3.9,2.3,0.6,2.4,2.0,18.3,3.23
0,Mark Bryant,4,Seton Hall,Big East,34,32.5,7.9,13.9,.564,7.8,13.9,.565,0.0,0.1,.500,4.8,6.4,.748,9.1,0.9,1.1,0.9,2.4,3.1,20.5,7.42
0,Randolph Keys,4,Southern Miss,Metro,30,32.6,7.2,15.2,.475,6.5,13.2,.494,0.7,1.9,.345,2.6,3.4,.765,7.4,1.0,1.1,0.5,1.6,3.3,17.7,5.24
0,Jerome Lane,3,Pitt,Big East,31,35.2,5.0,9.7,.513,5.0,9.5,.526,0.0,0.2,.000,4.0,6.5,.615,12.2,2.8,1.3,0.2,2.9,3.2,13.9,8.15
0,Brian Shaw,5,UCSB,PCAA,30,35.8,5.0,10.8,.466,4.2,8.3,.500,0.9,2.5,.351,2.4,3.2,.740,8.7,6.1,1.6,0.3,3.2,2.5,13.3,6.12
0,David Rivers,4,Notre Dame,Ind,28,36.7,7.3,16.5,.444,5.8,12.8,.451,1.6,3.8,.419,5.8,7.1,.814,4.1,5.6,1.7,0.0,,2.2,22.0,3.07
0,Rolando Ferreira,2,Houston,SWC,31,32.0,6.2,11.4,.547,6.2,11.3,.550,0.0,0.1,.000,2.6,3.7,.698,6.8,1.5,0.9,1.6,1.5,2.8,15.1,2.60
0,Shelton Jones,4,St. John's (NY),Big East,29,38.2,7.0,11.7,.596,6.9,11.5,.604,0.0,0.2,.167,4.6,6.1,.757,8.8,1.0,1.2,1.6,2.7,1.7,18.6,9.13
0,Andrew Lang,4,Arkansas,SWC,30,24.8,4.2,8.0,.527,4.2,8.0,.527,0.0,0.0,,0.9,2.0,.450,7.3,0.3,0.4,2.6,1.7,2.9,9.3,0.61
0,Vinny Del Negro,4,NC State,ACC,32,34.2,5.8,11.3,.515,4.9,8.9,.547,1.0,2.4,.397,3.3,3.9,.839,4.9,3.6,1.8,0.2,1.5,2.0,15.9,6.53
0,Fennis Dembo,4,Wyoming,WAC,32,33.6,6.4,13.4,.477,4.4,7.9,.553,2.0,5.5,.367,5.6,6.8,.824,7.2,3.2,1.6,0.7,,2.9,20.4,3.70
0,Everette Stephens,4,Purdue,Big Ten,33,31.5,4.4,8.8,.500,3.0,5.6,.535,1.4,3.2,.439,2.5,3.3,.761,3.0,5.5,1.7,0.7,3.1,2.2,12.8,8.86
0,Charles Shackleford,3,NC State,ACC,31,30.4,7.2,13.4,.538,7.2,13.4,.538,0.0,0.0,,2.2,3.7,.591,9.6,1.3,0.7,0.8,2.2,2.7,16.6,6.53
0,Grant Long,4,Eastern Michigan,MAC,30,34.2,7.9,14.2,.555,7.9,14.2,.555,0.0,0.0,,7.2,9.4,.765,10.4,2.2,2.0,0.3,2.4,2.8,23.0,-1.82
0,Tom Tolbert,5,Arizona,Pac-10,38,27.2,5.1,9.2,.547,5.0,9.2,.547,0.0,0.1,.500,4.0,4.9,.812,5.8,0.7,0.8,0.5,2.1,2.6,14.1,8.45
0,Sylvester Gray,2,Memphis,Metro,5,29.2,7.0,12.4,.565,7.0,12.4,.565,0.0,0.0,,1.2,2.0,.600,8.2,1.0,1.4,1.6,3.0,2.8,15.2,6.34
0,Ledell Eackles,2,New Orleans,ASC,31,31.7,8.4,16.5,.508,7.7,13.8,.561,0.6,2.7,.238,6.0,7.5,.802,4.9,1.3,0.9,0.1,2.7,2.3,23.4,-1.13
0,Greg Butler,4,Stanford,Pac-10,33,29.3,5.1,9.1,.565,5.1,9.0,.564,0.0,0.0,1.000,2.5,3.5,.728,5.8,0.4,0.4,0.8,1.2,1.9,12.8,6.19
0,Dean Garrett,2,Indiana,Big Ten,29,33.0,6.3,11.9,.535,6.3,11.9,.535,0.0,0.0,,3.4,4.9,.697,8.5,0.4,0.6,3.4,1.2,2.8,16.1,9.66
0,Tito Horford,2,Miami (FL),Ind,30,32.1,5.9,10.9,.540,5.9,10.9,.540,0.0,0.0,,2.4,4.2,.579,9.0,1.1,0.4,2.7,3.5,2.6,14.2,-0.84
0,Orlando Graham,2,West Texas A&M,MVC,23,33.7,5.0,10.7,.466,,,,,,,3.7,7.2,.515,9.1,,0.9,1.0,2.7,3.5,13.7,2.72
0,Keith Smart,2,Indiana,Big Ten,29,26.0,5.1,9.8,.518,4.8,8.8,.539,0.3,1.0,.321,2.8,3.2,.870,3.0,3.1,0.9,0.1,2.3,2.3,13.2,9.66
0,Todd Mitchell,4,Purdue,Big Ten,33,29.8,5.7,10.5,.545,5.6,10.3,.547,0.1,0.2,.400,4.2,6.0,.707,5.8,2.4,0.8,0.4,2.2,2.8,15.7,8.86
0,Anthony Taylor,4,Oregon,Pac-10,26,37.2,7.3,16.0,.458,5.7,12.4,.463,1.6,3.7,.442,5.0,6.0,.834,4.3,2.4,1.2,0.2,2.9,2.3,21.3,6.61
0,Tom Garrick,4,Rhode Island,A-10,35,35.5,7.8,16.0,.487,6.8,14.3,.479,1.0,1.8,.548,3.9,5.0,.793,4.1,4.1,2.4,0.4,2.6,2.9,20.5,0.22
0,Morlon Wiley,4,Long Beach State,PCAA,29,33.7,7.5,14.7,.513,5.6,9.9,.559,2.0,4.7,.416,2.9,3.8,.766,4.0,4.1,2.6,0.1,2.4,3.3,19.9,6.64
0,Vernon Maxwell,4,Florida,SEC,33,36.8,7.0,15.6,.447,5.2,11.2,.467,1.8,4.5,.395,4.5,6.3,.715,4.2,4.3,1.8,0.1,2.8,1.9,20.2,9.28
0,Micheal Williams,4,Baylor,SWC,34,37.1,6.4,12.6,.505,5.4,10.1,.536,0.9,2.5,.376,4.7,6.8,.697,3.2,5.4,2.5,0.4,3.2,2.4,18.4,1.75
0,Steve Kerr,4,Arizona,Pac-10,38,32.6,4.0,7.1,.559,1.0,1.9,.521,3.0,5.2,.573,1.6,1.9,.824,2.0,3.9,1.2,0.1,0.9,0.8,12.6,8.45
0,Rob Lock,4,Kentucky,SEC,33,26.3,3.7,6.6,.562,3.7,6.6,.562,0.0,0.0,,3.5,4.7,.747,6.5,0.9,0.8,1.0,2.1,3.3,10.9,8.87
0,Anthony Mason,4,Tennessee State,OVC,28,38.0,9.9,21.7,.454,8.4,18.8,.448,1.4,2.9,.494,6.8,8.8,.773,10.4,3.0,2.0,0.7,3.8,2.6,28.0,-3.93
0,Barry Sumpter,3,Austin Peay,OVC,29,,6.5,11.7,.559,6.5,11.7,.559,0.0,0.0,,2.3,4.0,.573,9.5,1.2,1.0,1.5,,,15.3,1.68
0,Winston Bennett,4,Kentucky,SEC,33,33.1,5.9,11.5,.513,5.9,11.5,.513,0.0,0.1,.500,3.4,4.7,.729,7.8,1.6,1.2,0.1,1.6,2.9,15.3,8.87
0,Corey Gaines,5,Loyola Marymount,WCAC,31,27.5,6.1,11.7,.518,4.7,9.0,.521,1.4,2.7,.506,3.9,5.8,.678,2.2,8.7,2.0,0.3,4.1,2.5,17.4,1.44
0,Ricky Grace,2,Oklahoma,Big 8,38,34.2,5.2,11.6,.450,2.9,5.1,.567,2.3,6.5,.359,1.9,2.7,.699,3.6,7.4,2.7,0.2,2.8,3.1,14.7,7.61
0,Craig Neal,5,Georgia Tech,ACC,32,32.2,2.5,5.3,.471,1.5,2.6,.585,1.0,2.8,.364,1.7,2.4,.714,2.1,9.5,1.8,0.4,3.3,2.5,7.7,7.43
0,Michael Anderson,4,Drexel,ECC,28,36.5,8.0,17.1,.468,6.8,13.8,.488,1.3,3.3,.380,6.7,9.0,.745,6.0,7.0,2.9,0.6,5.2,3.3,23.9,-6.23
0,Gerald Paddio,2,UNLV,PCAA,34,33.3,6.7,14.8,.456,3.3,6.5,.505,3.5,8.3,.418,2.4,3.0,.814,4.9,2.9,1.1,0.4,2.3,2.1,19.4,5.64
0,Pervis Ellison,4,Louisville,Metro,31,32.7,7.3,11.9,.615,7.3,11.9,.617,0.0,0.0,.000,3.0,4.5,.652,8.7,2.5,1.3,3.2,2.7,3.2,17.6,9.28
0,Danny Ferry,4,Duke,ACC,35,33.2,8.6,16.4,.522,7.3,13.4,.544,1.3,3.0,.425,4.2,5.5,.756,7.4,4.7,1.6,0.6,3.3,2.5,22.6,8.19
0,Sean Elliott,4,Arizona,Pac-10,33,34.1,7.2,15.0,.480,5.2,10.4,.499,2.0,4.6,.437,5.9,7.0,.841,7.2,4.1,1.0,0.3,3.1,1.6,22.3,10.26
0,Glen Rice,4,Michigan,Big Ten,37,34.0,9.8,17.0,.577,7.1,11.8,.604,2.7,5.2,.516,3.4,4.0,.832,6.3,2.3,1.1,0.3,2.2,2.0,25.6,12.06
0,J.R. Reid,3,UNC,ACC,27,26.5,6.1,9.9,.614,6.1,9.9,.614,0.0,0.0,,3.7,5.6,.669,6.3,1.3,0.9,0.8,2.6,3.0,15.9,12.40
0,Stacey King,4,Oklahoma,Big 8,33,34.6,9.8,18.7,.524,9.8,18.7,.524,0.0,0.0,,6.4,8.9,.718,10.1,1.9,1.2,2.3,2.8,2.8,26.0,10.26
0,George McCloud,4,Florida State,Metro,30,35.6,6.9,15.4,.448,3.1,6.7,.460,3.8,8.7,.439,5.1,5.9,.875,3.6,4.2,1.8,0.2,3.2,2.3,22.8,4.19
0,Randy White,4,Louisiana Tech,ASC,32,32.1,7.7,12.8,.600,7.1,11.6,.616,0.5,1.2,.447,5.3,7.2,.747,10.5,1.0,1.2,0.3,3.4,3.8,21.2,2.10
0,Tom Hammonds,4,Georgia Tech,ACC,30,37.0,8.3,15.5,.538,8.3,15.4,.539,0.0,0.1,.333,4.2,5.4,.773,8.1,1.7,0.5,0.9,1.9,2.6,20.9,8.19
0,Pooh Richardson,4,UCLA,Pac-10,31,37.6,6.0,10.8,.555,4.5,7.7,.580,1.5,3.1,.495,1.6,2.9,.562,3.8,7.6,1.8,0.3,2.5,2.5,15.2,9.51
0,Nick Anderson,2,Illinois,Big Ten,36,31.3,7.3,13.5,.538,6.6,11.7,.565,0.7,1.8,.364,2.8,4.1,.669,7.9,2.0,1.6,0.9,1.6,1.9,18.0,12.42
0,Mookie Blaylock,2,Oklahoma,Big 8,35,38.8,7.8,17.1,.455,5.2,10.1,.513,2.6,7.0,.371,1.9,2.9,.650,4.7,6.7,3.7,0.6,2.9,2.3,20.0,10.26
0,Michael Smith,6,BYU,WAC,29,37.2,9.9,18.8,.525,8.7,15.8,.552,1.1,3.0,.379,5.5,6.0,.925,8.6,2.9,0.7,0.1,4.5,2.6,26.4,5.02
0,Tim Hardaway,4,UTEP,WAC,33,35.8,7.7,15.4,.501,6.3,11.5,.548,1.5,4.0,.366,5.1,6.9,.741,4.0,5.4,2.8,0.2,2.7,2.4,22.0,3.40
0,Todd Lichti,4,Stanford,Pac-10,33,33.8,7.3,13.2,.549,6.2,10.7,.576,1.1,2.5,.434,4.5,5.2,.850,5.0,3.2,1.0,0.2,2.4,1.8,20.1,8.67
0,Dana Barros,4,Boston College,Big East,29,37.8,7.9,16.7,.475,4.1,7.7,.529,3.9,9.0,.429,4.1,4.8,.857,3.6,3.3,1.6,0.1,2.2,1.7,23.9,6.50
0,B.J. Armstrong,4,Iowa,Big Ten,32,31.7,6.1,12.6,.484,4.7,9.0,.519,1.4,3.6,.397,5.0,6.0,.833,2.5,5.4,1.8,0.2,2.4,1.6,18.6,9.71
0,Kenny Payne,4,Louisville,Metro,33,29.9,5.9,11.7,.508,4.6,8.5,.537,1.4,3.2,.429,1.3,1.5,.840,5.7,2.1,0.5,0.4,2.0,2.6,14.5,9.28
0,Jeff Sanders,4,Georgia Southern,TAAC,29,35.6,9.6,17.8,.542,9.6,17.8,.542,0.0,0.0,,4.0,5.5,.730,8.8,2.1,0.9,1.3,3.0,3.3,23.2,-5.37
0,Blue Edwards,2,East Carolina,CAA,29,34.0,10.2,18.6,.551,9.4,16.8,.557,0.9,1.8,.490,5.3,7.0,.755,6.9,3.2,1.6,0.6,3.2,3.3,26.7,-4.32
0,Byron Irvin,5,Missouri,Big 8,36,32.4,6.3,11.9,.532,5.2,8.7,.599,1.1,3.2,.348,5.9,7.2,.826,4.7,3.2,1.8,0.2,2.3,2.1,19.7,10.49
0,Roy Marble,4,Iowa,Big Ten,33,31.2,7.3,13.9,.525,6.7,12.3,.542,0.6,1.6,.396,5.2,6.8,.761,5.6,2.2,1.5,0.1,2.3,2.3,20.5,9.71
0,Anthony Cook,4,Arizona,Pac-10,33,32.3,7.2,11.4,.629,7.2,11.4,.630,0.0,0.0,.000,3.2,5.0,.627,7.2,0.4,1.0,2.5,1.4,1.7,17.5,10.26
0,John Morton,4,Seton Hall,Big East,38,28.5,5.5,12.7,.436,3.4,7.7,.447,2.1,5.0,.418,4.2,5.1,.820,3.4,2.5,1.3,0.4,2.1,2.8,17.3,9.15
0,Kenny Battle,5,Illinois,Big Ten,36,30.7,6.1,10.0,.604,5.8,9.6,.608,0.3,0.5,.529,4.2,5.6,.755,4.8,1.8,2.5,0.4,1.8,2.0,16.6,12.42
0,Sherman Douglas,4,Syracuse,Big East,38,35.5,7.2,13.1,.546,6.1,10.3,.594,1.0,2.8,.368,2.9,4.6,.632,2.4,8.6,1.8,0.0,3.7,1.9,18.2,9.22
0,Dyron Nix,4,Tennessee,SEC,30,35.9,8.5,16.4,.516,7.2,13.0,.555,1.3,3.4,.369,3.4,4.8,.715,9.4,1.9,1.7,1.3,2.7,2.3,21.6,5.41
0,Frank Kornet,4,Vanderbilt,SEC,33,31.7,6.7,11.8,.567,6.6,11.5,.572,0.1,0.2,.286,3.4,5.6,.609,7.1,1.2,0.8,0.3,1.5,2.6,16.8,7.66
0,Jeff Martin,4,Murray State,OVC,29,36.4,9.2,18.0,.510,6.9,13.5,.514,2.2,4.5,.496,5.1,6.4,.796,5.2,2.6,1.3,1.1,2.6,2.2,25.7,-2.44
0,Stanley Brundy,4,DePaul,Ind,33,31.9,8.7,13.4,.649,8.7,13.4,.649,0.0,0.0,,2.1,4.4,.486,10.2,1.2,2.0,1.4,2.0,3.2,19.5,5.27
0,Jay Edwards,2,Indiana,Big Ten,34,33.0,6.4,13.5,.474,4.0,8.2,.491,2.4,5.3,.448,4.8,5.8,.823,4.3,3.7,1.1,0.8,3.0,2.7,20.0,12.84
0,Gary Leonard,4,Missouri,Big 8,37,21.0,4.3,7.3,.593,4.3,7.3,.593,0.0,0.0,,1.8,3.1,.575,5.5,0.6,0.5,1.1,1.5,2.4,10.4,10.49
0,Pat Durham,4,Colorado State,WAC,33,37.7,5.9,11.3,.524,5.9,11.2,.527,0.0,0.1,.250,6.6,8.8,.752,7.6,2.0,1.6,1.3,2.8,2.2,18.5,4.72
0,Cliff Robinson,4,UConn,Big East,31,31.4,7.6,16.1,.470,7.5,15.7,.473,0.1,0.4,.333,4.7,6.8,.684,7.4,1.5,1.8,1.4,2.4,3.4,20.0,7.26
0,Michael Ansley,4,Alabama,SEC,31,34.0,8.2,14.4,.572,8.2,14.3,.575,0.0,0.1,.250,3.8,5.0,.768,9.2,1.1,0.7,0.2,2.6,3.1,20.3,3.52
0,Doug West,4,Villanova,Big East,33,34.5,6.8,14.8,.463,4.8,9.4,.514,2.0,5.4,.373,2.7,3.8,.720,4.9,2.8,1.4,0.5,2.4,3.0,18.4,7.99
0,Ed Horton,4,Iowa,Big Ten,33,31.9,7.6,13.7,.552,7.5,13.5,.557,0.0,0.2,.167,3.1,5.5,.569,10.6,2.1,0.9,0.4,3.8,3.1,18.3,9.71
0,Doug Roth,4,Tennessee,SEC,30,27.3,4.2,8.0,.531,3.9,6.9,.558,0.4,1.0,.355,1.1,1.9,.571,8.1,2.1,0.9,2.0,2.1,2.8,9.9,5.41
0,Chucky Brown,4,NC State,ACC,31,33.9,6.8,12.4,.548,6.6,11.7,.564,0.2,0.7,.286,2.6,4.0,.648,8.8,1.4,0.9,0.9,1.7,2.0,16.4,7.15
0,Scott Haffner,5,Evansville,MW Coll,31,36.3,8.5,15.8,.538,5.3,8.9,.600,3.2,6.9,.458,4.4,4.9,.901,4.4,3.6,1.1,0.4,2.5,2.5,24.5,1.39
0,Ricky Blanton,4,LSU,SEC,32,38.5,7.8,15.1,.518,6.6,12.0,.547,1.3,3.1,.404,3.4,4.3,.794,8.2,4.6,1.5,0.4,2.7,2.5,20.3,6.43
0,Haywoode Workman,3,Oral Roberts,Ind,28,35.0,7.3,15.1,.483,6.0,11.5,.520,1.3,3.6,.366,3.9,4.8,.815,6.1,3.9,3.3,0.1,2.6,3.0,19.9,6.55
0,Brian Quinnett,5,Washington State,Pac-10,28,32.8,7.5,15.6,.481,6.8,13.6,.497,0.7,2.0,.364,2.7,3.8,.724,5.9,1.3,0.9,0.5,1.6,3.0,18.4,5.69
0,Mike Morrison,4,Loyola (MD),NEC,28,31.4,8.1,16.3,.496,6.9,12.9,.536,1.2,3.4,.344,4.5,6.0,.746,5.4,2.1,1.3,0.5,2.2,2.5,21.8,-11.60
0,Derrick Coleman,4,Syracuse,Big East,33,35.3,5.9,10.7,.551,5.4,9.4,.576,0.5,1.2,.366,5.7,8.0,.715,12.1,2.9,1.5,2.0,2.7,3.1,17.9,8.85
0,Gary Payton,4,Oregon State,Pac-10,29,37.8,9.9,19.7,.504,8.1,14.3,.569,1.8,5.4,.333,4.1,5.9,.690,4.7,8.1,3.4,0.5,3.7,3.6,25.7,6.91
0,Mahmoud Abdul-Rauf,2,LSU,SEC,32,37.6,9.5,20.7,.461,6.8,13.0,.522,2.8,7.7,.358,6.0,6.6,.910,2.5,3.2,1.6,0.0,3.7,2.1,27.8,7.61
0,Dennis Scott,3,Georgia Tech,ACC,35,39.1,9.6,20.6,.465,5.7,11.2,.509,3.9,9.5,.414,4.6,5.8,.793,6.6,2.0,1.8,0.9,2.6,2.1,27.7,10.33
0,Kendall Gill,4,Illinois,Big Ten,29,34.5,7.3,14.6,.500,6.5,12.3,.528,0.8,2.3,.348,4.7,6.0,.777,4.9,3.3,2.2,0.6,2.5,2.3,20.0,9.89
0,Felton Spencer,4,Louisville,Metro,35,28.4,5.4,7.9,.681,5.4,7.9,.681,0.0,0.0,,4.2,5.8,.716,8.4,1.3,0.7,2.0,2.3,3.6,14.9,6.65
0,Lionel Simmons,4,La Salle,MAAC,32,38.1,10.5,20.4,.513,9.5,18.4,.517,1.0,2.0,.477,4.6,6.9,.661,11.1,3.6,1.9,2.0,2.8,2.2,26.5,-1.34
0,Bo Kimble,5,Loyola Marymount,WCC,32,32.9,12.6,23.8,.529,9.8,17.6,.554,2.9,6.3,.460,7.2,8.4,.862,7.7,1.9,2.9,0.7,2.4,3.0,35.3,1.95
0,Willie Burton,4,Minnesota,Big Ten,32,31.3,6.6,12.7,.519,4.9,8.4,.587,1.6,4.3,.382,4.5,5.8,.770,6.4,1.8,1.2,0.8,2.7,2.8,19.3,8.93
0,Rumeal Robinson,3,Michigan,Big Ten,30,34.0,6.7,13.7,.490,5.1,9.8,.522,1.6,3.9,.410,4.2,6.2,.676,3.0,6.1,1.4,0.5,4.0,3.3,19.2,10.27
0,Tyrone Hill,4,Xavier,MW Coll,32,33.2,7.8,13.4,.581,7.8,13.4,.584,0.0,0.1,.000,4.6,6.9,.658,12.6,1.5,1.0,0.7,3.1,3.1,20.2,3.83
0,Alec Kessler,4,Georgia,SEC,29,33.4,6.8,13.9,.491,6.3,12.7,.497,0.5,1.2,.429,6.9,9.1,.757,10.3,1.3,0.7,0.5,3.5,3.1,21.0,5.47
0,Loy Vaught,4,Michigan,Big Ten,31,30.0,6.4,10.7,.595,6.4,10.6,.597,0.0,0.0,.000,2.8,3.5,.804,11.2,1.0,0.5,0.8,1.5,3.2,15.5,10.27
0,Travis Mays,4,Texas,SWC,32,37.1,7.5,17.3,.433,4.5,9.4,.480,3.0,7.9,.377,6.2,7.6,.811,5.1,2.3,1.8,0.5,2.4,2.7,24.1,5.73
0,Dave Jamerson,4,Ohio,MAC,28,38.3,10.6,23.1,.459,5.9,12.3,.483,4.7,10.8,.432,5.3,6.3,.842,6.4,1.8,0.9,0.3,2.3,2.6,31.2,1.50
0,Terry Mills,3,Michigan,Big Ten,31,31.0,7.6,13.1,.585,7.6,13.1,.585,0.0,0.0,,2.8,3.7,.759,8.0,2.2,1.2,0.9,2.4,2.6,18.1,10.27
0,Jerrod Mustaf,2,Maryland,ACC,33,31.8,7.2,13.5,.529,6.8,12.9,.531,0.3,0.6,.500,3.8,5.0,.774,7.7,1.8,0.5,0.7,2.7,2.0,18.5,6.10
0,Duane Causwell,3,Temple,A-10,12,34.7,4.3,8.9,.486,4.3,8.9,.486,0.0,0.0,,2.6,4.3,.596,8.3,0.8,0.4,4.0,1.0,2.7,11.3,3.92
0,Dee Brown,4,Jacksonville,Sun Belt,29,36.3,8.0,16.1,.496,6.9,13.3,.521,1.0,2.8,.375,2.4,3.5,.683,6.6,5.2,3.0,0.6,2.8,2.7,19.3,-0.44
0,Gerald Glass,2,Ole Miss,SEC,30,36.9,9.5,19.3,.490,7.9,15.3,.520,1.5,4.1,.377,3.6,4.9,.736,7.6,4.0,2.3,1.0,3.1,3.5,24.1,7.92
0,Jayson Williams,3,St. John's (NY),Big East,13,29.0,5.4,10.1,.534,5.3,9.9,.535,0.1,0.2,.500,3.8,6.2,.613,7.8,0.5,0.2,0.9,2.4,3.5,14.6,7.28
0,Tate George,4,UConn,Big East,37,29.5,4.3,9.0,.479,3.9,7.6,.512,0.4,1.4,.302,2.4,3.3,.727,3.5,4.8,2.0,0.3,2.1,2.4,11.5,7.01
0,Anthony Bonner,4,Saint Louis,MW Coll,33,,7.7,15.4,.500,7.6,15.0,.504,0.1,0.4,.333,4.3,6.2,.693,13.8,2.9,2.1,0.4,2.8,2.5,19.8,3.49
0,Dwayne Schintzius,4,Florida,SEC,11,32.3,8.2,14.8,.552,8.2,14.1,.581,0.0,0.7,.000,2.7,3.5,.789,9.5,1.4,1.0,2.5,3.4,3.7,19.1,9.24
0,Alaa Abdelnaby,4,Duke,ACC,38,24.9,5.7,9.2,.620,5.7,9.2,.620,0.0,0.0,,3.6,4.7,.775,6.6,0.7,0.7,1.3,1.4,2.6,15.1,8.81
0,Lance Blanks,5,Texas,SWC,32,36.2,6.4,16.0,.402,4.0,9.3,.430,2.4,6.7,.364,5.0,6.3,.797,4.2,3.0,2.7,0.3,2.5,2.9,20.3,5.73
0,Elden Campbell,4,Clemson,ACC,35,29.7,6.4,12.3,.522,6.4,12.3,.521,0.0,0.0,1.000,3.5,5.9,.599,8.0,1.3,1.5,2.8,2.7,2.8,16.4,6.37
0,Les Jepsen,4,Iowa,Big Ten,28,29.2,5.5,8.9,.622,5.5,8.9,.625,0.0,0.0,.000,3.8,6.2,.618,10.0,1.3,0.8,1.1,2.7,2.0,14.9,11.50
0,Carl Herrera,1,Houston,SWC,33,31.0,5.7,10.1,.565,5.6,9.8,.569,0.1,0.2,.375,5.2,6.5,.804,9.2,1.6,1.5,2.0,2.0,2.8,16.7,4.40
0,Negele Knight,4,Dayton,MW Coll,32,33.5,7.3,14.5,.503,5.1,10.0,.508,2.2,4.5,.493,6.0,7.5,.800,3.8,6.8,1.7,0.2,3.1,2.7,22.8,3.69
0,Brian Oliver,4,Georgia Tech,ACC,34,37.6,7.6,14.8,.516,6.0,10.5,.569,1.7,4.3,.388,4.3,6.0,.721,6.0,3.3,0.8,0.1,2.9,2.6,21.3,10.33
0,Walter Palmer,4,Dartmouth,Ivy,25,22.6,6.0,11.6,.514,5.9,11.2,.527,0.0,0.4,.111,4.6,5.7,.810,6.5,0.3,0.5,3.4,2.4,3.7,16.6,-7.89
0,Kevin Pritchard,4,Kansas,Big 8,35,27.9,5.1,9.6,.525,3.7,6.5,.572,1.3,3.1,.426,3.0,3.7,.815,2.5,5.1,1.7,0.3,2.6,2.4,14.5,8.31
0,Greg Foster,4,UTEP,WAC,32,26.2,4.2,9.0,.462,4.2,8.9,.465,0.0,0.1,.000,2.3,2.8,.811,6.2,1.0,0.4,1.2,1.8,3.1,10.6,4.53
0,Trevor Wilson,4,UCLA,Pac-10,33,33.5,7.0,14.2,.495,7.0,14.1,.496,0.0,0.1,.333,3.1,6.2,.507,9.1,2.9,1.2,0.4,2.6,2.8,17.2,8.75
0,Jud Buechler,4,Arizona,Pac-10,32,33.5,5.7,10.6,.538,4.9,8.5,.577,0.8,2.1,.379,2.8,3.6,.765,8.3,4.0,1.3,0.4,2.7,2.1,14.9,9.04
0,Steve Scheffler,4,Purdue,Big Ten,30,33.2,5.8,8.3,.698,5.8,8.3,.698,0.0,0.0,,5.2,6.5,.805,6.1,1.2,0.3,0.2,2.0,2.1,16.8,11.38
0,Bimbo Coles,4,Virginia Tech,Metro,31,37.0,9.0,22.4,.404,6.9,15.3,.448,2.2,7.0,.307,5.1,6.9,.738,4.7,3.9,2.3,0.4,3.3,2.7,25.3,4.00
0,Steve Bardo,4,Illinois,Big Ten,29,32.6,3.4,7.8,.440,2.4,5.6,.441,1.0,2.2,.438,1.9,2.7,.705,6.1,4.7,1.3,0.5,2.7,3.0,9.7,9.89
0,Marcus Liberty,2,Illinois,Big Ten,29,33.0,7.0,13.8,.508,6.7,13.1,.515,0.3,0.7,.381,3.6,4.7,.763,7.1,1.3,1.1,0.9,1.6,3.0,17.8,9.89
0,Tony Massenburg,4,Maryland,ACC,31,31.4,6.6,13.2,.505,6.6,13.1,.507,0.0,0.1,.000,4.7,6.5,.721,10.1,0.6,0.9,1.2,2.1,3.0,18.0,6.10
0,Steve Henson,4,Kansas State,Big 8,32,36.2,5.7,12.7,.446,2.8,6.0,.456,2.9,6.7,.437,3.2,3.5,.902,2.7,4.4,1.9,0.0,2.3,2.5,17.4,8.81
0,Antonio Davis,4,UTEP,WAC,32,31.0,3.7,7.2,.520,3.7,7.1,.522,0.0,0.0,.000,3.3,5.2,.642,7.5,0.7,0.5,1.1,1.7,2.8,10.8,4.53
0,Derek Strong,3,Xavier,MW Coll,33,29.7,4.4,8.3,.533,4.4,8.3,.533,0.0,0.0,,5.4,6.4,.839,9.9,0.9,0.8,0.8,2.4,3.4,14.2,3.83
0,Cedric Ceballos,2,Cal State Fullerton,Big West,29,36.9,8.5,17.6,.485,7.4,14.2,.523,1.1,3.3,.323,5.0,7.4,.670,12.5,1.7,1.6,0.5,3.2,2.4,23.1,5.13
0,Milos Babic,3,Tennessee Tech,OVC,25,23.6,4.9,10.4,.471,4.9,10.4,.471,0.0,0.0,,2.6,3.8,.684,7.3,1.2,0.8,1.3,2.8,2.9,12.4,-5.28
0,Tony Smith,4,Marquette,MW Coll,29,39.0,8.3,16.7,.495,7.0,13.7,.513,1.2,3.0,.414,6.0,7.0,.856,4.7,5.8,1.8,0.6,3.9,2.8,23.8,3.73
0,Sean Higgins,3,Michigan,Big Ten,26,28.0,5.5,11.6,.470,3.8,7.7,.495,1.7,3.9,.422,1.4,1.8,.804,3.6,2.3,0.4,0.4,2.0,2.3,14.0,10.27
0,Larry Johnson,2,UNLV,Big West,35,31.8,8.8,13.3,.662,8.3,11.9,.698,0.5,1.4,.354,4.6,5.7,.818,10.9,3.0,2.1,1.0,2.2,2.3,22.7,4.34
0,Kenny Anderson,2,Georgia Tech,ACC,30,38.9,9.3,21.2,.437,7.1,15.0,.472,2.2,6.2,.351,5.2,6.2,.829,5.7,5.6,3.0,0.1,3.8,2.3,25.9,10.80
0,Billy Owens,3,Syracuse,Big East,32,38.0,8.8,17.3,.509,8.1,15.5,.522,0.7,1.8,.397,4.9,7.3,.674,11.6,3.5,2.4,1.2,3.5,2.7,23.3,8.29
0,Dikembe Mutombo,3,Georgetown,Big East,32,34.1,5.3,9.1,.586,5.3,9.1,.586,0.0,0.0,,4.6,6.5,.703,12.2,1.6,0.6,4.7,2.3,2.8,15.2,14.31
0,Steve Smith,4,Michigan State,Big Ten,30,37.8,8.9,18.9,.473,6.7,13.5,.500,2.2,5.4,.407,5.0,6.2,.802,6.1,3.6,0.5,0.2,3.3,2.5,25.1,9.33
0,Doug Smith,4,Missouri,Big 8,30,35.0,9.2,18.4,.497,9.1,17.8,.508,0.1,0.6,.167,5.2,6.3,.821,10.4,3.2,2.1,1.4,3.5,3.3,23.6,9.53
0,Luc Longley,4,New Mexico,WAC,30,35.6,7.6,11.6,.656,7.6,11.6,.660,0.0,0.1,.000,3.9,5.4,.716,9.2,3.6,0.9,3.2,3.8,2.8,19.1,2.42
0,Mark Macon,4,Temple,A-10,31,38.4,8.2,18.6,.439,5.7,12.7,.449,2.5,5.9,.418,3.2,4.1,.766,4.9,2.3,2.1,0.1,1.8,2.2,22.0,6.37
0,Stacey Augmon,4,UNLV,Big West,35,30.3,6.3,10.7,.587,5.2,8.4,.619,1.1,2.3,.469,2.9,4.0,.727,7.3,3.6,2.2,0.8,1.8,2.2,16.5,4.34
0,Bison Dele,4,Arizona,Pac-10,35,25.1,5.6,9.0,.619,5.6,,,0.0,,,2.8,4.2,.673,7.8,0.6,0.8,1.1,2.1,2.7,14.0,9.69
0,Terrell Brandon,2,Oregon,Pac-10,28,39.6,9.8,19.9,.491,8.3,15.6,.533,1.4,4.3,.336,5.7,6.7,.850,3.6,5.0,2.3,0.1,3.6,2.0,26.6,10.15
0,Greg Anthony,5,UNLV,Big West,35,31.4,4.0,8.8,.456,2.7,5.6,.492,1.3,3.3,.395,2.3,2.9,.775,2.5,8.9,2.4,0.4,1.9,1.9,11.6,4.34
0,Dale Davis,4,Clemson,ACC,28,34.7,6.8,12.8,.532,6.8,12.8,.535,0.0,0.1,.000,4.3,7.3,.580,12.1,1.3,1.3,2.6,2.4,3.4,17.9,8.99
0,Rich King,4,Nebraska,Big 8,34,27.3,5.9,10.4,.574,5.9,10.2,.576,0.1,0.1,.400,3.5,5.3,.670,8.1,2.6,0.7,2.0,2.6,2.6,15.5,9.50
0,Anthony Avent,3,Seton Hall,Big East,34,32.8,6.7,11.6,.577,6.7,11.6,.577,0.0,0.0,,4.4,5.9,.750,9.9,1.6,0.9,1.2,2.5,3.0,17.8,10.02
0,Chris Gatling,3,Old Dominion,Sun Belt,32,31.3,7.8,12.7,.620,7.8,12.6,.621,0.0,0.0,.000,5.3,7.7,.692,11.1,0.8,1.9,2.7,2.8,3.2,21.0,-0.24
0,Victor Alexander,4,Iowa State,Big 8,31,32.9,9.5,14.4,.659,9.5,14.4,.659,0.0,0.0,,4.4,6.5,.677,9.0,1.2,1.1,1.6,2.7,2.5,23.4,13.62
0,Kevin Brooks,4,Louisiana,ASC,31,36.2,8.4,16.4,.515,6.5,12.1,.539,1.9,4.3,.447,2.5,3.2,.778,6.0,1.5,0.8,0.4,2.4,1.5,21.2,-3.50
0,LaBradford Smith,4,Louisville,Metro,30,34.4,5.8,12.0,.482,4.5,8.3,.536,1.3,3.6,.358,3.8,4.6,.825,3.7,4.9,2.1,0.2,3.6,2.8,16.6,7.48
0,John Turner,1,Georgetown,Big East,32,21.3,2.3,4.9,.468,2.3,4.9,.468,0.0,0.0,,2.0,3.6,.552,6.2,0.9,0.6,0.5,1.3,2.0,6.6,10.37
0,Eric Murdock,4,Providence,Big East,32,34.7,8.2,18.4,.445,6.4,13.4,.480,1.8,5.0,.350,7.4,9.2,.812,5.3,4.6,3.5,0.2,3.7,3.1,25.6,6.96
0,LeRon Ellis,4,Syracuse,Big East,32,29.0,4.4,8.8,.507,4.4,8.6,.514,0.0,0.1,.000,2.3,3.7,.605,7.7,1.3,1.9,2.5,1.4,3.4,11.1,8.29
0,Stanley Roberts,1,LSU,SEC,32,26.8,6.3,11.2,.560,6.3,11.1,.562,0.0,0.0,.000,1.6,3.5,.459,9.8,1.3,0.6,1.9,1.8,3.8,14.1,7.61
0,Rick Fox,4,UNC,ACC,35,28.5,5.9,13.0,.453,4.0,7.4,.537,1.9,5.6,.342,3.2,3.9,.804,6.6,3.7,2.0,0.5,2.9,2.9,16.9,10.91
0,Mark Randall,4,Kansas,Big 8,35,29.3,5.9,9.1,.643,5.8,9.0,.648,0.0,0.1,.250,3.2,5.1,.635,6.2,2.3,0.9,0.2,2.5,2.9,15.0,11.37
0,Pete Chilcutt,4,UNC,ACC,35,26.8,5.0,9.3,.538,4.9,8.7,.556,0.1,0.5,.263,1.9,2.4,.765,6.6,1.3,1.2,1.0,1.7,1.1,12.0,10.91
0,Kevin Lynch,4,Minnesota,Big Ten,28,34.0,6.8,14.8,.460,5.3,10.9,.484,1.5,3.8,.393,3.0,3.6,.832,4.3,3.2,1.7,0.3,2.1,2.0,18.1,8.30
0,Rodney Monroe,4,NC State,ACC,31,37.6,9.2,20.7,.445,5.8,13.0,.450,3.4,7.7,.435,5.2,5.9,.885,4.4,2.8,1.1,0.2,2.4,1.9,27.0,9.34
0,Randy Brown,5,New Mexico State,Big West,29,31.6,3.8,9.5,.399,3.4,8.3,.417,0.3,1.2,.278,4.2,6.0,.691,4.0,6.4,2.4,0.2,3.6,2.9,12.1,1.81
0,Chad Gallagher,4,Creighton,MVC,32,34.8,7.4,13.1,.566,7.3,12.8,.569,0.2,0.3,.455,4.4,5.5,.806,8.8,1.3,0.7,2.2,3.5,3.1,19.4,3.79
0,Donald Hodge,2,Temple,A-10,34,34.9,4.3,8.1,.535,4.3,8.1,.535,0.0,0.0,,3.0,4.1,.716,6.9,1.0,0.7,0.9,1.6,2.4,11.6,6.37
0,Mike Iuzzolino,5,Saint Francis (PA),NEC,32,36.5,7.1,13.1,.542,3.9,7.0,.554,3.2,6.1,.528,6.7,7.6,.885,3.0,4.0,0.9,0.0,2.5,1.8,24.1,-5.00
0,Chris Corchiani,4,NC State,ACC,31,37.7,5.2,11.1,.466,3.5,6.7,.524,1.6,4.4,.378,4.3,5.3,.822,2.5,9.6,2.9,0.1,3.8,2.9,16.3,9.34
0,Elliot Perry,4,Memphis,Metro,32,36.5,7.3,15.8,.464,5.8,11.6,.501,1.5,4.3,.360,4.6,5.8,.793,3.5,4.6,2.7,0.0,3.4,1.8,20.8,4.27
0,Jimmy Oliver,3,Purdue,Big Ten,29,35.4,6.5,14.0,.466,3.8,7.7,.495,2.7,6.3,.429,3.4,4.0,.861,4.6,3.1,0.7,0.3,2.5,1.6,19.2,8.87
0,Doug Overton,4,La Salle,MAAC,25,38.4,8.0,17.9,.445,5.8,11.5,.505,2.2,6.4,.338,4.2,5.1,.828,4.2,5.0,2.0,0.0,3.6,2.5,22.3,0.80
0,Sean Green,4,Iona,MAAC,30,35.6,8.8,18.3,.482,7.1,13.2,.537,1.8,5.2,.342,3.8,5.0,.758,5.2,1.4,1.7,0.6,2.5,2.0,23.2,0.16
0,Bobby Phills,4,Southern,SWAC,28,35.2,9.3,22.9,.406,4.9,10.3,.476,4.4,12.6,.348,5.4,7.5,.720,4.7,1.9,3.2,0.5,2.3,,28.4,-12.60
0,Richard Dumas,3,Oklahoma State,Big 8,12,23.0,5.2,9.4,.549,5.2,9.2,.564,0.0,0.3,.000,2.3,3.7,.636,5.4,2.3,1.5,0.4,2.8,1.7,12.7,8.78
0,Isaac Austin,2,Arizona State,Pac-10,30,30.2,6.3,11.0,.571,6.3,11.0,.573,0.0,0.0,.000,3.7,5.9,.629,8.7,1.9,1.0,0.6,2.5,2.8,16.3,8.93
0,Greg Sutton,1,Oral Roberts,Ind,28,33.4,7.6,20.1,.379,4.7,11.2,.419,3.0,9.0,.331,3.7,5.6,.656,4.3,3.2,1.6,0.5,3.9,3.7,21.9,6.55
0,Shaquille O'Neal,3,LSU,SEC,30,32.0,9.8,15.9,.615,9.8,15.9,.615,0.0,0.0,,4.5,8.5,.528,14.0,1.5,1.0,5.2,3.4,2.9,24.1,8.64
0,Alonzo Mourning,4,Georgetown,Big East,32,32.8,6.4,10.7,.595,6.3,10.6,.599,0.0,0.1,.250,8.5,11.2,.758,10.7,1.7,0.6,5.0,2.6,3.6,21.3,6.13
0,Christian Laettner,4,Duke,ACC,35,32.2,7.3,12.6,.575,5.7,9.9,.580,1.5,2.8,.557,5.4,6.6,.815,7.9,2.0,2.1,0.9,3.3,2.6,21.5,10.18
0,Jim Jackson,3,Ohio State,Big Ten,32,35.4,8.3,16.7,.493,6.9,13.3,.515,1.4,3.4,.407,4.6,5.6,.811,6.8,4.0,1.7,0.3,3.4,2.2,22.4,10.58
0,LaPhonso Ellis,4,Notre Dame,Ind,33,36.2,6.9,10.9,.631,6.8,10.6,.635,0.1,0.3,.444,3.8,5.9,.655,11.7,1.5,1.1,2.6,2.8,3.4,17.7,10.99
0,Tom Gugliotta,4,NC State,ACC,30,36.9,8.0,17.8,.449,4.9,10.0,.488,3.1,7.8,.399,3.4,5.0,.685,9.8,3.1,2.1,0.5,3.6,2.5,22.5,9.70
0,Walt Williams,4,Maryland,ACC,29,35.9,8.8,18.7,.472,5.8,10.4,.553,3.1,8.3,.371,6.0,8.0,.758,5.6,3.6,2.1,1.0,3.8,3.4,26.8,7.74
0,Todd Day,4,Arkansas,SEC,22,32.3,7.9,15.8,.499,5.3,9.7,.542,2.6,6.0,.429,4.4,5.8,.764,7.0,3.2,2.5,0.8,2.8,2.5,22.7,8.20
0,Clarence Weatherspoon,4,Southern Miss,Metro,29,36.4,8.5,15.1,.563,7.7,13.2,.578,0.8,1.8,.453,4.5,6.7,.675,10.5,1.6,1.6,2.7,2.6,2.0,22.3,6.88
0,Adam Keefe,4,Stanford,Pac-10,29,37.2,9.5,16.8,.564,9.3,16.4,.566,0.2,0.4,.455,6.2,8.3,.746,12.2,3.0,1.7,0.5,3.3,2.2,25.3,8.19
0,Robert Horry,4,Alabama,SEC,35,33.9,5.6,11.9,.470,4.4,8.5,.519,1.2,3.4,.350,3.4,4.7,.727,8.5,2.5,1.5,3.5,2.9,2.9,15.8,7.29
0,Harold Miner,3,USC,Pac-10,30,34.7,8.3,19.0,.438,6.4,13.6,.472,1.9,5.4,.352,7.7,9.5,.811,7.0,1.3,1.1,0.2,2.2,2.0,26.3,7.38
0,Bryant Stith,4,Virginia,ACC,33,36.4,7.0,15.4,.452,5.9,12.5,.471,1.1,2.9,.368,5.7,7.0,.815,6.6,2.2,1.2,0.4,2.0,2.4,20.7,9.69
0,Malik Sealy,4,St. John's (NY),Big East,30,38.7,8.2,17.4,.472,7.7,15.7,.491,0.5,1.8,.302,5.6,7.1,.793,6.8,1.7,2.0,0.6,2.3,2.7,22.6,9.33
0,Anthony Peeler,4,Missouri,Big 8,29,35.4,7.5,16.4,.459,5.6,11.8,.475,1.9,4.6,.417,6.4,8.0,.806,5.5,3.9,2.1,0.3,3.5,2.5,23.4,9.69
0,Randy Woods,3,La Salle,MAAC,31,38.2,8.8,21.1,.417,4.9,10.1,.484,3.9,11.0,.355,5.9,7.2,.813,6.3,5.2,2.4,0.1,3.6,2.7,27.3,0.33
0,Doug Christie,3,Pepperdine,WCC,31,34.1,6.8,14.6,.466,5.5,10.7,.514,1.3,3.9,.333,4.6,6.2,.746,5.9,4.8,2.0,0.7,3.8,2.5,19.5,0.86
0,Tracy Murray,3,UCLA,Pac-10,33,32.8,7.3,13.5,.538,4.9,8.8,.559,2.4,4.7,.500,4.5,5.6,.800,7.0,1.8,1.6,0.9,2.1,2.6,21.4,9.81
0,Don MacLean,4,UCLA,Pac-10,32,32.3,7.2,14.2,.504,7.0,13.7,.510,0.2,0.5,.353,6.2,6.7,.921,7.8,2.1,0.5,0.2,2.6,2.3,20.7,9.81
0,Hubert Davis,4,UNC,ACC,33,33.2,7.3,14.4,.508,4.7,8.4,.565,2.6,6.0,.429,4.2,5.1,.828,2.3,1.6,1.3,0.2,1.4,1.3,21.4,10.14
0,Jon Barry,3,Georgia Tech,ACC,35,35.2,5.7,13.4,.429,2.9,5.8,.502,2.8,7.6,.374,2.9,4.1,.697,4.3,5.9,2.0,0.2,3.4,2.3,17.2,10.62
0,Oliver Miller,4,Arkansas,SEC,34,28.1,5.5,9.1,.602,5.5,8.8,.624,0.0,0.3,.000,2.5,3.9,.647,7.7,3.0,1.1,2.6,2.8,3.1,13.5,8.20
0,Lee Mayberry,4,Arkansas,SEC,34,34.3,5.3,10.8,.492,3.5,6.1,.573,1.9,4.8,.389,2.7,3.7,.744,2.3,5.9,2.2,0.4,1.6,1.7,15.2,8.20
0,Latrell Sprewell,2,Alabama,SEC,35,36.2,6.5,13.1,.493,4.5,8.3,.550,1.9,4.9,.398,2.9,3.7,.771,5.2,2.1,1.8,0.7,2.6,1.8,17.8,7.29
0,Elmore Spencer,4,UNLV,Big West,28,30.5,6.2,9.8,.637,6.2,9.7,.642,0.0,0.1,.000,2.3,4.3,.546,8.1,1.7,0.6,2.5,2.7,2.6,14.8,3.71
0,Dave Johnson,4,Syracuse,Big East,32,37.9,6.5,15.7,.415,4.4,9.4,.464,2.1,6.2,.342,4.7,6.6,.708,7.0,1.5,1.5,0.4,2.7,3.1,19.8,7.25
0,Byron Houston,4,Oklahoma State,Big 8,34,34.0,7.3,13.7,.533,6.7,11.4,.585,0.6,2.3,.278,4.9,7.1,.700,8.6,1.8,1.4,1.5,3.0,3.3,20.2,10.77
0,Marlon Maxey,5,UTEP,WAC,25,28.4,5.4,10.4,.521,5.4,10.4,.521,0.0,0.0,,4.4,6.0,.727,7.4,0.4,0.5,0.9,1.4,2.6,15.2,5.60
0,P.J. Brown,4,Louisiana Tech,Sun Belt,31,30.0,4.9,10.0,.489,4.6,9.2,.504,0.3,0.8,.320,2.7,3.7,.730,9.9,1.7,0.9,2.4,2.4,3.1,12.7,-0.24
0,Sean Rooks,4,Arizona,Pac-10,31,28.3,5.8,10.4,.560,5.7,10.3,.560,0.1,0.2,.600,4.5,6.9,.651,6.9,1.7,0.9,1.0,2.2,2.7,16.3,8.18
0,Reggie Smith,4,TCU,SWC,34,33.4,6.6,12.5,.528,6.6,12.5,.531,0.0,0.1,.000,4.6,7.6,.615,11.4,2.1,0.9,0.9,2.4,3.9,17.9,3.13
0,Brent Price,5,Oklahoma,Big 8,30,35.5,6.1,13.0,.465,3.5,6.6,.538,2.5,6.5,.392,4.0,5.1,.789,3.7,6.2,2.7,0.2,2.3,3.1,18.7,8.62
0,Corey Williams,4,Oklahoma State,Big 8,35,30.3,3.6,8.5,.418,2.3,4.9,.465,1.3,3.6,.354,2.8,3.6,.770,3.8,2.6,0.6,0.1,2.3,2.1,11.2,10.77
0,Chris Smith,4,UConn,Big East,30,36.3,6.7,16.2,.415,4.0,9.8,.412,2.7,6.4,.420,5.1,6.3,.800,3.3,3.7,1.2,0.5,2.8,1.8,21.2,7.09
0,Tony Bennett,4,Green Bay,Mid-Cont,30,33.2,6.8,12.8,.534,3.7,6.6,.556,3.2,6.2,.511,3.3,4.0,.826,2.9,5.1,1.2,0.2,2.6,1.7,20.2,-3.73
0,Duane Cooper,4,USC,Pac-10,30,33.7,4.0,8.0,.496,2.0,3.3,.596,2.0,4.7,.426,2.2,3.5,.644,2.6,5.4,1.5,0.0,2.2,1.6,12.2,7.38
0,Isaiah Morris,2,Arkansas,SEC,34,20.9,3.9,8.1,.480,3.9,7.9,.489,0.0,0.2,.143,2.4,2.9,.827,5.0,1.1,0.6,0.3,1.4,2.3,10.2,8.20
0,Elmer Bennett,4,Notre Dame,Ind,33,36.0,5.9,13.4,.442,4.6,9.3,.490,1.3,4.0,.331,3.4,4.8,.704,3.6,6.2,1.8,0.1,4.5,3.0,16.5,10.99
0,Litterial Green,4,Georgia,SEC,29,33.7,6.3,15.4,.408,4.2,10.5,.397,2.1,4.9,.434,4.7,6.8,.687,3.0,4.0,1.1,0.1,2.6,2.3,19.4,8.64
0,Popeye Jones,4,Murray State,OVC,30,33.1,7.7,15.8,.488,7.5,15.2,.492,0.2,0.6,.389,5.4,6.9,.778,14.4,2.4,1.4,0.9,3.4,3.3,21.1,-1.22
0,Matt Geiger,5,Georgia Tech,ACC,35,27.2,4.7,7.7,.611,4.7,7.7,.616,0.0,0.1,.000,2.4,3.4,.706,7.3,1.1,0.7,1.9,1.9,2.9,11.8,10.62
0,Chris King,4,Wake Forest,ACC,27,31.3,6.1,12.2,.505,5.7,11.0,.522,0.4,1.2,.344,2.6,3.7,.693,5.1,2.1,1.0,0.6,2.8,1.8,15.3,7.28
0,Robert Werdann,4,St. John's (NY),Big East,12,23.8,3.3,7.3,.460,3.3,7.3,.460,0.0,0.0,,2.9,4.3,.673,5.8,1.6,1.1,1.8,2.3,3.8,9.6,9.33
0,Darren Morningstar,5,Pitt,Big East,34,25.4,4.8,9.6,.503,4.8,9.6,.503,0.0,0.0,,2.6,4.9,.542,6.2,1.3,0.6,0.1,2.2,3.2,12.3,8.01
0,Brian Davis,4,Duke,ACC,36,30.9,3.9,8.1,.481,3.7,7.0,.524,0.2,1.1,.205,3.2,4.3,.740,4.5,1.9,1.2,0.3,1.5,2.3,11.2,10.18
0,Matt Fish,4,UNC Wilmington,CAA,28,30.9,7.4,11.4,.646,7.4,11.4,.646,0.0,0.0,,2.9,4.6,.631,9.4,1.1,1.0,1.4,2.5,3.6,17.6,-3.52
0,Matt Steigenga,4,Michigan State,Big Ten,27,25.0,3.8,7.8,.488,3.3,6.2,.530,0.5,1.6,.326,2.0,3.0,.679,4.5,2.0,0.8,0.9,2.0,2.8,10.2,12.72
0,Chris Webber,2,Michigan,Big Ten,36,31.8,7.8,12.6,.619,7.1,10.4,.679,0.8,2.2,.338,2.8,5.1,.552,10.1,2.5,1.4,2.5,2.9,2.8,19.2,11.89
0,Shawn Bradley,1,BYU,WAC,34,28.9,5.5,10.6,.518,5.5,10.6,.517,0.0,0.0,1.000,3.8,5.4,.692,7.7,1.2,0.7,5.2,2.3,3.2,14.8,5.36
0,Anfernee Hardaway,2,Memphis,GMWC,32,37.4,7.8,16.3,.477,5.5,9.4,.583,2.3,6.9,.332,4.9,6.4,.767,8.5,6.4,2.4,1.2,3.4,2.7,22.8,8.73
0,Jamal Mashburn,3,Kentucky,SEC,34,32.6,7.6,15.5,.492,5.7,10.2,.558,1.9,5.3,.367,3.8,5.7,.670,8.4,3.6,1.5,0.4,3.0,2.7,21.0,9.23
0,Isaiah Rider,2,UNLV,Big West,28,35.4,10.1,19.6,.515,8.1,14.7,.552,2.0,4.9,.401,7.0,8.4,.826,8.9,2.5,1.5,0.6,,,29.1,3.07
0,Calbert Cheaney,4,Indiana,Big Ten,35,33.7,8.7,15.8,.549,7.3,12.6,.579,1.3,3.1,.427,3.8,4.7,.795,6.4,2.4,0.9,0.3,2.4,2.2,22.4,11.09
0,Bobby Hurley,4,Duke,ACC,32,35.6,4.9,11.7,.421,2.2,5.1,.421,2.8,6.5,.421,4.5,5.6,.803,2.6,8.2,1.5,0.0,3.4,1.9,17.0,10.76
0,Vin Baker,4,Hartford,NAC,28,36.4,10.9,22.8,.477,9.8,18.6,.525,1.1,4.3,.269,5.4,8.6,.625,10.7,1.9,1.4,2.6,2.9,2.8,28.3,-6.08
0,Rodney Rogers,3,Wake Forest,ACC,30,32.7,8.0,14.4,.555,7.2,12.1,.591,0.8,2.2,.358,4.5,6.2,.717,7.4,2.3,1.8,0.9,3.2,2.7,21.2,9.32
0,Lindsey Hunter,5,Jackson State,SWAC,34,33.9,9.4,22.9,.412,6.1,13.2,.463,3.3,9.6,.341,4.6,5.9,.771,3.4,3.4,2.6,0.4,2.8,1.9,26.7,-3.64
0,Allan Houston,4,Tennessee,SEC,30,35.8,7.0,15.1,.465,4.3,8.5,.504,2.7,6.6,.414,5.5,6.3,.878,4.8,3.1,0.9,0.3,2.8,2.2,22.3,8.75
0,George Lynch,4,UNC,ACC,38,30.2,6.2,12.3,.501,6.1,12.1,.509,0.1,0.3,.182,2.3,3.5,.667,9.6,1.9,2.3,0.6,2.3,2.2,14.7,11.25
0,Terry Dehere,4,Seton Hall,Big East,35,34.4,6.9,15.0,.461,4.5,8.9,.505,2.4,6.1,.396,5.8,7.1,.818,3.0,2.7,1.1,0.2,2.7,2.1,22.0,9.07
0,Scott Haskin,4,Oregon State,Pac-10,27,30.9,6.5,12.5,.521,6.5,12.5,.521,0.0,0.0,,3.6,5.6,.645,8.1,0.7,0.6,1.9,2.6,3.0,16.7,9.07
0,Doug Edwards,3,Florida State,ACC,31,35.0,7.2,13.7,.528,7.0,12.9,.546,0.2,0.8,.240,3.7,5.1,.722,9.4,2.9,1.4,1.4,2.7,3.3,18.3,11.44
0,Rex Walters,5,Kansas,Big 8,36,28.6,5.0,10.1,.490,2.7,4.8,.558,2.3,5.4,.430,3.1,3.5,.873,2.7,4.3,1.1,0.2,2.7,2.3,15.3,10.88
0,Greg Graham,4,Indiana,Big Ten,35,31.9,5.1,9.3,.550,3.5,6.2,.569,1.6,3.2,.514,4.6,5.5,.825,3.2,2.9,1.3,0.2,1.9,2.0,16.5,11.09
0,Luther Wright,2,Seton Hall,Big East,34,23.9,3.8,7.2,.525,3.8,7.2,.525,0.0,0.0,,1.5,2.3,.654,7.5,0.8,1.1,2.2,1.6,2.9,9.0,9.07
0,Acie Earl,4,Iowa,Big Ten,32,31.0,6.3,12.6,.505,6.3,12.5,.509,0.0,0.1,.000,4.3,6.1,.701,8.9,1.3,1.3,2.8,3.1,2.2,16.9,8.14
0,Scott Burrell,4,UConn,Big East,26,33.1,5.6,13.6,.411,3.7,8.0,.457,1.9,5.6,.345,3.0,4.0,.760,6.0,2.1,2.4,1.1,2.4,2.9,16.1,8.06
0,James Robinson,3,Alabama,SEC,29,34.5,7.0,16.6,.420,4.3,8.9,.479,2.7,7.7,.351,4.0,5.9,.682,4.5,2.3,1.6,0.7,3.2,2.3,20.6,7.83
0,Chris Mills,5,Arizona,Pac-10,28,31.1,7.5,14.5,.520,5.5,10.4,.534,2.0,4.1,.483,3.3,3.9,.836,7.9,1.9,1.1,0.5,2.6,2.4,20.4,8.28
0,Ervin Johnson,4,New Orleans,Sun Belt,29,33.3,7.2,11.6,.619,7.2,11.6,.619,0.0,0.0,,4.1,6.0,.674,11.9,0.6,0.9,2.7,2.6,3.0,18.4,0.55
0,Sam Cassell,2,Florida State,ACC,35,37.1,6.7,13.3,.502,5.3,9.6,.549,1.4,3.7,.382,3.5,4.6,.759,4.3,4.9,2.8,0.3,2.8,3.1,18.3,11.44
0,Corie Blount,2,Cincinnati,GMWC,21,28.0,5.0,9.0,.550,5.0,9.0,.550,0.0,0.0,,1.4,2.5,.566,8.1,2.2,1.8,1.6,2.6,3.3,11.3,6.62
0,Geert Hammink,4,LSU,SEC,32,30.3,5.9,11.9,.497,5.9,11.9,.500,0.0,0.1,.000,3.4,4.6,.730,10.2,1.9,0.9,0.9,3.0,2.8,15.3,5.28
0,Malcolm Mackey,4,Georgia Tech,ACC,30,34.9,6.4,12.1,.530,6.4,12.1,.532,0.0,0.0,.000,2.8,4.3,.638,10.2,1.4,0.5,2.0,2.7,3.1,15.6,10.39
0,Lucious Harris,4,Long Beach State,Big West,32,36.4,7.8,14.9,.525,5.6,9.4,.591,2.3,5.5,.412,5.1,6.6,.774,5.3,2.5,1.8,0.2,2.1,1.5,23.1,2.38
0,Evers Burns,4,Maryland,ACC,28,32.9,7.5,14.9,.506,7.5,14.9,.507,0.0,0.0,.000,3.4,5.1,.671,8.9,1.5,1.7,0.8,2.5,3.4,18.5,9.17
0,Alphonso Ford,4,Mississippi Valley State,SWAC,28,32.7,9.0,20.6,.436,6.3,12.9,.486,2.7,7.7,.352,5.3,6.7,.791,5.3,3.9,1.9,0.4,3.1,2.4,26.0,-3.93
0,Eric Riley,4,Michigan,Big Ten,35,15.0,2.2,3.8,.586,2.2,3.8,.591,0.0,0.0,.000,1.1,1.5,.736,4.8,0.4,0.4,0.9,1.1,2.3,5.6,11.89
0,Darnell Mee,3,Western Kentucky,Sun Belt,32,33.3,6.3,14.4,.434,4.0,8.1,.492,2.3,6.3,.360,4.2,5.9,.707,6.0,3.3,3.1,1.1,2.7,3.1,18.9,1.75
0,Ed Stokes,4,Arizona,Pac-10,28,25.8,4.0,8.2,.489,4.0,8.2,.489,0.0,0.0,,3.5,4.9,.715,7.7,0.7,0.3,1.3,1.5,3.0,11.5,8.28
0,Nick Van Exel,2,Cincinnati,GMWC,31,33.8,6.4,16.5,.386,3.6,8.5,.426,2.7,8.0,.343,2.8,3.9,.725,2.4,4.5,1.8,0.1,2.6,1.5,18.3,6.62
0,Rich Manning,5,Washington,Pac-10,25,31.0,7.5,13.0,.575,7.4,12.8,.579,0.0,0.2,.250,2.9,3.6,.800,8.4,1.0,0.6,1.2,2.4,2.3,17.9,6.26
0,Adonis Jordan,4,Kansas,Big 8,36,31.3,4.1,8.8,.462,2.3,4.6,.494,1.8,4.2,.428,2.1,2.6,.789,2.3,4.5,1.9,0.0,1.7,1.2,12.1,10.88
0,Josh Grant,5,Utah,WAC,31,31.4,6.3,11.8,.530,4.8,8.6,.564,1.4,3.2,.440,3.4,3.6,.920,10.7,2.8,1.2,0.8,2.7,2.6,17.3,2.27
0,Bryon Russell,3,Long Beach State,Big West,32,31.4,4.8,8.9,.537,4.4,7.8,.566,0.3,1.1,.324,3.3,4.5,.727,6.7,2.1,1.7,0.4,2.0,3.0,13.2,2.38
0,Richard Petruska,3,UCLA,Pac-10,33,26.3,4.9,9.9,.498,4.9,9.7,.503,0.1,0.2,.286,1.8,3.1,.598,6.2,0.9,0.9,1.8,2.0,3.2,11.8,9.05
0,Chris Whitney,2,Clemson,ACC,30,37.5,5.0,11.3,.441,2.1,4.2,.496,2.9,7.1,.408,2.8,3.5,.802,4.1,6.4,2.4,0.1,3.7,2.9,15.7,7.55
0,Kevin Thompson,4,NC State,ACC,27,34.3,6.5,12.0,.543,6.5,11.7,.552,0.0,0.3,.143,2.4,4.2,.579,9.1,2.0,0.9,1.4,2.3,2.4,15.5,10.62
0,Mike Peplowski,4,Michigan State,Big Ten,28,29.1,5.8,9.0,.639,5.8,9.0,.641,0.0,0.0,.000,3.0,4.5,.667,10.0,1.4,0.2,0.9,2.3,2.8,14.5,7.92
0,Glenn Robinson,2,Purdue,Big Ten,34,34.3,10.8,22.4,.483,8.5,16.3,.522,2.3,6.1,.380,6.3,7.9,.796,10.1,1.9,1.6,0.9,4.1,2.6,30.3,9.90
0,Jason Kidd,2,California,Pac-10,30,35.1,5.5,11.7,.472,3.8,7.0,.545,1.7,4.7,.362,3.9,5.6,.692,6.9,9.1,3.1,0.3,4.3,2.6,16.7,7.14
0,Grant Hill,4,Duke,ACC,34,35.7,6.4,13.9,.462,5.3,10.9,.481,1.1,2.9,.390,3.4,4.9,.703,6.9,5.2,1.9,1.2,3.0,2.5,17.4,8.92
0,Donyell Marshall,3,UConn,Big East,34,34.0,9.0,17.6,.512,7.8,13.8,.568,1.2,3.9,.311,5.9,7.8,.752,8.9,1.6,1.3,3.3,2.9,2.1,25.1,6.31
0,Juwan Howard,3,Michigan,Big Ten,30,34.0,8.7,15.6,.557,8.7,15.4,.563,0.0,0.2,.143,3.4,5.0,.675,8.9,2.4,1.5,0.7,2.6,3.3,20.8,12.04
0,Sharone Wright,3,Clemson,ACC,34,30.2,5.5,10.4,.525,5.5,10.4,.528,0.0,0.1,.000,4.4,6.9,.644,10.6,1.2,0.7,2.9,3.1,2.8,15.4,6.82
0,Lamond Murray,3,California,Pac-10,30,34.9,8.7,18.3,.476,7.2,13.7,.526,1.5,4.6,.331,5.3,6.9,.764,7.9,2.1,1.5,1.0,2.8,2.4,24.3,7.14
0,Brian Grant,4,Xavier,MW Coll,29,30.8,6.2,11.2,.559,6.2,11.1,.561,0.0,0.1,.333,4.2,5.9,.713,9.9,1.6,0.9,1.6,2.3,2.6,16.7,0.87
0,Eric Montross,4,UNC,ACC,35,31.7,5.2,9.3,.560,5.2,9.3,.560,0.0,0.0,,3.1,5.6,.558,8.1,0.8,0.5,1.8,1.9,3.0,13.6,9.36
0,Eddie Jones,3,Temple,A-10,31,38.2,7.5,15.8,.470,6.0,11.7,.512,1.5,4.1,.352,2.8,4.3,.662,6.8,1.9,2.3,1.5,1.7,2.2,19.2,8.34
0,Carlos Rogers,4,Tennessee State,OVC,31,33.9,9.3,15.1,.614,9.2,14.7,.623,0.1,0.4,.308,5.8,8.9,.649,11.5,1.5,0.7,3.0,3.9,2.9,24.5,-2.78
0,Khalid Reeves,4,Arizona,Pac-10,35,31.8,7.9,16.3,.483,5.5,9.9,.549,2.4,6.4,.379,6.0,7.5,.799,4.3,2.9,1.8,0.1,2.4,2.5,24.2,8.84
0,Jalen Rose,3,Michigan,Big Ten,32,36.0,6.9,14.9,.461,5.2,10.1,.512,1.7,4.8,.355,4.4,6.0,.734,5.7,3.9,1.2,0.2,2.7,2.6,19.9,12.04
0,Yinka Dare,2,George Washington,A-10,30,27.9,5.9,11.0,.538,5.9,11.0,.538,0.0,0.0,,3.6,6.1,.585,10.3,0.6,0.7,1.9,2.5,2.9,15.4,6.38
0,Eric Piatkowski,4,Nebraska,Big 8,30,32.4,7.5,15.2,.496,5.4,9.5,.574,2.1,5.7,.366,4.4,5.5,.794,6.3,2.7,1.5,0.7,2.4,2.1,21.5,6.84
0,Clifford Rozier,4,Louisville,Metro,34,32.5,7.3,11.8,.618,7.3,11.7,.619,0.0,0.0,.000,3.6,6.6,.545,11.1,1.6,0.9,2.2,3.4,2.8,18.1,7.35
0,Aaron McKie,3,Temple,A-10,31,39.2,6.2,15.5,.401,4.3,10.4,.416,1.9,5.1,.371,4.4,5.4,.815,7.2,3.2,1.9,0.3,1.7,1.7,18.8,8.34
0,Eric Mobley,3,Pitt,Big East,27,29.6,5.7,10.1,.568,5.7,10.1,.568,0.0,0.0,,2.2,4.5,.492,8.8,2.0,0.7,2.8,2.8,3.1,13.7,9.95
0,Tony Dumas,4,UMKC,Ind,29,38.4,7.9,18.8,.421,5.3,11.7,.457,2.6,7.1,.361,7.6,10.1,.757,5.7,3.0,1.7,0.7,3.8,2.7,26.0,-1.24
0,B.J. Tyler,5,Texas,SWC,28,33.3,7.6,17.2,.443,4.1,7.7,.528,3.5,9.5,.374,4.0,5.5,.727,3.4,6.3,3.1,0.3,3.5,1.9,22.8,3.00
0,Dickey Simpkins,4,Providence,Big East,30,29.2,4.3,8.3,.516,4.2,8.0,.523,0.1,0.3,.333,3.1,4.6,.686,6.3,1.3,0.7,0.7,1.9,2.1,11.8,9.95
0,Bill Curley,4,Boston College,Big East,34,33.5,6.9,12.3,.557,6.9,12.3,.559,0.0,0.0,.000,6.3,8.0,.793,9.0,1.6,0.8,0.8,2.2,2.8,20.0,9.83
0,Wesley Person,4,Auburn,SEC,28,35.9,7.8,16.0,.484,4.4,8.5,.521,3.3,7.5,.443,3.4,4.6,.734,6.4,2.8,1.0,0.4,3.0,1.6,22.2,7.17
0,Monty Williams,3,Notre Dame,Ind,29,34.5,8.2,16.0,.511,7.1,13.3,.531,1.1,2.7,.410,4.9,7.1,.698,8.2,2.3,1.4,0.5,3.5,2.6,22.4,7.26
0,Greg Minor,3,Louisville,Metro,34,34.6,5.3,10.3,.513,4.0,6.8,.596,1.2,3.5,.353,2.1,2.8,.729,6.1,2.5,1.7,0.5,1.6,1.9,13.8,7.35
0,Charlie Ward,4,Florida State,ACC,16,35.9,3.8,10.4,.365,2.5,5.3,.476,1.3,5.2,.253,1.6,2.5,.625,3.9,4.9,2.8,0.1,2.6,2.3,10.5,7.22
0,Brooks Thompson,5,Oklahoma State,Big 8,34,34.6,5.3,11.8,.446,2.0,4.9,.411,3.2,6.9,.472,3.1,3.9,.789,4.0,5.7,2.9,0.1,2.9,2.0,16.9,8.37
0,Antonio Lang,4,Duke,ACC,34,30.1,4.5,7.6,.588,4.5,7.6,.593,0.0,0.1,.000,3.5,4.8,.724,5.4,1.0,0.4,1.1,2.2,2.4,12.5,8.92
0,Howard Eisley,4,Boston College,Big East,34,35.4,5.4,11.4,.476,2.8,5.9,.468,2.7,5.5,.484,2.4,3.1,.790,3.4,4.6,1.5,0.1,2.5,2.7,16.0,9.83
0,Jim McIlvaine,4,Marquette,GMWC,33,28.7,5.2,9.8,.528,5.2,9.8,.528,0.0,0.0,,3.3,5.0,.665,8.3,1.3,0.3,4.3,1.5,2.7,13.6,8.02
0,Derrick Alston,4,Duquesne,A-10,30,36.0,8.2,14.1,.578,8.2,14.1,.579,0.0,0.0,.000,5.0,8.3,.601,7.3,1.4,1.6,1.8,3.1,3.2,21.3,5.75
0,Gaylon Nickerson,3,Kansas State,Big 8,30,27.9,3.7,9.6,.390,3.5,8.8,.399,0.2,0.8,.292,1.7,2.6,.649,4.3,2.9,1.3,0.2,2.2,2.1,9.4,10.18
0,Michael Smith,4,Providence,Big East,30,29.1,4.8,7.9,.605,4.8,7.9,.608,0.0,0.0,.000,3.3,4.7,.714,11.5,0.8,1.1,0.8,1.5,3.0,12.9,9.95
0,Dontonio Wingfield,1,Cincinnati,GMWC,29,28.8,5.6,13.2,.422,4.1,9.5,.429,1.5,3.8,.404,3.3,5.0,.669,9.0,2.0,1.3,0.4,2.8,3.1,16.0,6.18
0,Darrin Hancock,1,Kansas,Big 8,34,20.7,3.0,5.6,.542,3.0,5.6,.545,0.0,0.0,.000,1.5,2.2,.658,4.5,1.4,1.2,0.2,1.2,1.8,7.5,10.88
0,Anthony Miller,3,Michigan State,Big Ten,32,28.4,5.1,7.8,.651,5.1,7.8,.653,0.0,0.0,.000,2.4,4.3,.574,9.0,0.9,0.8,0.9,2.2,2.6,12.6,10.70
0,Jeff Webster,5,Oklahoma,Big 8,28,34.8,9.4,18.3,.515,9.3,17.9,.522,0.1,0.5,.231,4.7,6.1,.776,7.8,0.7,1.0,0.7,2.0,2.8,23.7,8.99
0,Shawnelle Scott,4,St. John's (NY),Big East,22,33.0,6.4,12.1,.530,6.4,12.0,.532,0.0,0.0,.000,3.1,5.3,.590,9.2,1.3,1.1,1.2,2.1,3.0,16.0,8.53
0,Dwayne Morton,3,Louisville,Metro,34,30.6,5.4,11.2,.480,4.0,7.7,.517,1.4,3.5,.398,3.2,4.4,.720,4.2,2.1,1.1,0.5,2.0,2.4,15.3,7.35
0,Voshon Lenard,4,Minnesota,Big Ten,31,32.0,5.6,13.6,.412,3.0,5.7,.522,2.6,7.9,.332,3.5,4.5,.759,4.3,2.6,1.0,0.3,1.6,2.3,17.3,6.27
0,Jamie Watson,4,South Carolina,SEC,27,34.2,6.9,14.9,.459,5.8,11.3,.511,1.1,3.6,.296,3.4,5.0,.674,7.0,2.4,1.6,0.4,2.2,2.6,18.1,8.39
0,Charles Claxton,4,Georgia,SEC,28,27.5,4.4,8.1,.549,4.3,7.7,.560,0.1,0.4,.300,3.2,5.9,.536,7.9,0.8,0.9,3.4,2.0,3.1,12.1,5.96
0,Lawrence Funderburke,5,Ohio State,Big Ten,29,29.2,6.5,11.9,.545,6.4,11.7,.550,0.1,0.2,.286,2.2,3.7,.594,6.6,1.0,0.4,0.8,1.7,1.8,15.2,11.59
0,Anthony Goldwire,2,Houston,SWC,27,36.9,5.3,13.6,.393,4.0,9.0,.440,1.4,4.6,.301,5.1,6.3,.807,3.7,6.1,2.1,0.0,3.6,2.4,17.1,1.37
0,Joe Smith,2,Maryland,ACC,34,32.6,7.2,12.5,.578,6.9,11.9,.586,0.3,0.6,.429,6.1,8.3,.741,10.6,1.2,1.5,2.9,2.1,3.0,20.8,10.36
0,Antonio McDyess,2,Alabama,SEC,33,26.1,5.6,10.9,.512,5.6,10.9,.514,0.0,0.0,.000,2.7,4.0,.667,10.2,0.6,0.8,2.0,2.4,3.3,13.9,6.59
0,Jerry Stackhouse,2,UNC,ACC,34,34.4,6.3,12.2,.517,5.2,9.6,.546,1.1,2.6,.411,5.4,7.6,.712,8.2,2.7,1.5,1.7,3.3,2.2,19.2,13.01
0,Rasheed Wallace,2,UNC,ACC,34,30.3,7.0,10.7,.654,7.0,10.6,.657,0.0,0.1,.333,2.6,4.1,.631,8.2,1.0,0.5,2.7,1.5,2.8,16.6,13.01
0,Bryant Reeves,4,Oklahoma State,Big 8,37,34.8,7.8,13.3,.586,7.8,13.2,.592,0.0,0.1,.000,5.9,8.4,.706,9.5,0.8,0.5,1.6,2.9,3.2,21.5,10.27
0,Damon Stoudamire,4,Arizona,Pac-10,30,36.4,7.4,15.5,.476,3.7,7.5,.489,3.7,8.0,.465,4.3,5.2,.826,4.3,7.3,1.7,0.0,4.6,2.0,22.8,10.40
0,Shawn Respert,5,Michigan State,Big Ten,28,33.6,8.2,17.3,.473,3.9,8.3,.472,4.3,9.0,.474,5.0,5.7,.869,4.0,3.0,1.4,0.0,2.9,2.6,25.6,7.88
0,Ed O'Bannon,4,UCLA,Pac-10,33,34.2,7.5,14.0,.533,5.8,10.2,.571,1.7,3.8,.433,3.8,4.8,.785,8.3,2.5,1.9,0.8,2.5,2.2,20.4,10.08
0,Kurt Thomas,4,TCU,SWC,27,32.3,10.7,19.5,.548,10.6,19.0,.554,0.1,0.4,.250,7.5,10.5,.714,14.6,1.2,1.9,2.4,2.9,3.9,28.9,-1.07
0,Gary Trent,3,Ohio,MAC,33,34.4,8.9,16.8,.527,8.6,15.8,.547,0.2,1.1,.229,4.9,7.7,.642,12.8,2.4,0.6,0.8,3.5,2.3,22.9,3.59
0,Cherokee Parks,4,Duke,ACC,31,35.2,7.2,14.3,.501,6.2,11.5,.534,1.0,2.7,.365,3.7,4.7,.776,9.3,1.5,0.8,1.8,2.0,2.2,19.0,11.89
0,Corliss Williamson,3,Arkansas,SEC,39,31.0,7.3,13.2,.550,7.2,13.1,.554,0.0,0.2,.167,5.2,7.8,.668,7.5,2.3,1.7,0.8,2.4,2.7,19.7,10.45
0,Eric Williams,2,Providence,Big East,30,34.7,6.1,14.8,.413,5.2,12.2,.422,1.0,2.6,.372,4.5,6.5,.687,6.7,2.5,2.0,0.3,2.6,3.2,17.7,7.55
0,Brent Barry,4,Oregon State,Pac-10,27,37.5,6.7,13.0,.514,4.8,8.1,.586,1.9,4.9,.394,5.7,6.9,.823,5.9,3.9,2.7,0.4,3.2,2.6,21.0,10.44
0,Alan Henderson,4,Indiana,Big Ten,31,35.3,9.2,15.4,.597,9.1,15.0,.605,0.1,0.3,.200,5.1,8.1,.633,9.7,1.7,1.4,2.1,2.9,3.1,23.5,9.05
0,Bob Sura,4,Florida State,ACC,27,36.3,6.1,14.6,.417,4.2,8.7,.481,1.9,5.9,.323,4.6,6.6,.687,6.9,5.4,1.8,0.2,3.4,2.8,18.6,12.50
0,Theo Ratliff,4,Wyoming,WAC,28,32.6,5.3,9.7,.544,5.3,9.5,.551,0.0,0.2,.200,3.8,6.0,.633,7.5,1.1,0.6,5.1,2.5,3.4,14.4,6.89
0,Randolph Childress,4,Wake Forest,ACC,32,38.0,5.7,13.1,.438,2.8,5.4,.514,2.9,7.7,.384,5.8,6.9,.833,3.6,5.2,1.5,0.2,3.9,2.3,20.1,10.83
0,Jason Caffey,4,Alabama,SEC,31,30.1,4.8,9.4,.509,4.8,9.3,.516,0.0,0.1,.000,2.5,4.7,.545,8.0,1.6,0.6,0.5,2.7,2.5,12.1,6.59
0,Michael Finley,4,Wisconsin,Big Ten,27,37.0,6.6,17.4,.379,4.4,9.9,.451,2.1,7.6,.284,5.2,6.7,.773,5.2,4.0,1.9,0.6,3.0,2.7,20.5,6.94
0,George Zidek,4,UCLA,Pac-10,33,23.4,4.2,7.7,.553,4.2,7.5,.556,0.1,0.2,.400,2.1,2.8,.731,5.4,0.5,0.4,0.6,1.6,3.2,10.6,10.08
0,Travis Best,4,Georgia Tech,ACC,30,37.2,7.0,15.6,.446,4.5,9.2,.491,2.4,6.4,.380,3.9,4.6,.847,3.2,5.0,2.0,0.2,2.3,2.4,20.2,9.04
0,Loren Meyer,4,Iowa State,Big 8,34,29.7,5.8,10.4,.558,5.8,10.4,.559,0.0,0.0,.000,4.1,5.6,.732,9.0,1.5,0.4,1.5,2.3,2.9,15.7,9.70
0,David Vaughn,4,Memphis,GMWC,29,29.9,4.8,10.6,.450,4.6,10.0,.459,0.2,0.6,.294,3.2,4.4,.729,9.6,1.0,0.8,2.4,2.9,3.0,12.9,5.78
0,Sherell Ford,3,UIC,MW Coll,27,35.9,9.8,20.8,.472,8.1,16.6,.486,1.7,4.2,.416,4.8,6.3,.765,10.5,1.4,1.6,1.9,,,26.2,-3.19
0,Mario Bennett,3,Arizona State,Pac-10,33,34.3,7.5,12.6,.592,7.2,11.7,.618,0.2,0.9,.267,3.5,7.1,.491,8.2,2.4,1.0,3.5,3.1,2.9,18.7,9.06
0,Greg Ostertag,4,Kansas,Big 8,31,19.5,3.9,6.5,.596,3.9,6.5,.596,0.0,0.0,,1.8,3.3,.553,7.5,0.4,0.4,2.9,1.6,2.4,9.6,10.02
0,Cory Alexander,4,Virginia,ACC,20,34.6,6.0,13.2,.452,4.3,8.3,.512,1.7,4.9,.351,3.1,4.4,.701,4.2,5.5,1.6,0.2,3.9,2.0,16.7,9.94
0,Lou Roe,4,UMass,A-10,34,28.6,5.9,11.0,.532,5.8,10.9,.534,0.0,0.1,.333,4.7,6.7,.706,8.1,1.7,0.6,1.1,2.3,2.4,16.5,8.03
0,Terrence Rencher,4,Texas,SWC,30,36.7,7.8,16.4,.475,6.6,12.6,.528,1.1,3.8,.298,4.1,6.1,.676,5.3,4.0,2.3,0.2,2.7,1.7,20.8,3.74
0,Junior Burrough,4,Virginia,ACC,34,31.7,6.9,13.9,.501,6.9,13.7,.503,0.0,0.1,.250,4.2,5.9,.710,8.7,1.6,0.9,0.8,2.2,2.4,18.1,9.94
0,Andrew DeClercq,4,Florida,SEC,30,32.2,4.6,9.0,.511,4.4,8.5,.522,0.2,0.5,.333,3.8,5.3,.723,8.8,1.4,1.2,1.1,2.8,3.4,13.2,11.31
0,Jimmy King,4,Michigan,Big Ten,31,34.0,5.4,12.5,.433,4.5,9.0,.502,0.9,3.5,.257,3.0,4.4,.679,5.0,2.9,1.9,0.2,3.0,2.3,14.7,8.90
0,Lawrence Moten,4,Syracuse,Big East,30,35.3,7.0,15.2,.459,5.0,9.3,.543,1.9,5.9,.328,3.8,5.1,.743,4.2,3.3,1.8,0.3,3.0,1.9,19.6,7.20
0,Frankie King,2,Western Carolina,Southern,28,37.0,8.9,18.6,.479,7.0,13.8,.510,1.9,4.8,.388,6.9,8.3,.832,7.3,3.4,1.5,0.5,4.0,2.6,26.5,-2.86
0,Donny Marshall,4,UConn,Big East,32,30.5,5.4,11.8,.456,4.7,9.0,.519,0.8,2.9,.261,4.3,5.1,.829,5.8,1.4,1.2,0.2,2.3,2.3,15.8,7.41
0,Dwayne Whitfield,3,Jackson State,SWAC,26,31.5,7.5,12.2,.610,7.5,12.1,.616,0.0,0.1,.000,4.7,7.5,.621,10.5,0.6,0.5,1.0,3.6,3.1,19.6,-5.81
0,Donnie Boyce,4,Colorado,Big 8,26,30.8,6.0,14.8,.409,4.4,9.7,.458,1.6,5.1,.316,4.8,6.8,.706,6.5,4.1,2.5,1.1,3.0,2.9,18.5,7.44
0,Eric Snow,4,Michigan State,Big Ten,28,32.7,4.2,8.0,.520,3.9,7.2,.547,0.3,0.9,.292,2.2,3.6,.608,3.3,7.8,1.9,0.1,3.1,2.8,10.8,7.88
0,Tyus Edney,4,UCLA,Pac-10,32,30.5,4.6,9.2,.497,3.8,7.1,.531,0.8,2.1,.379,4.3,5.7,.764,3.1,6.8,2.3,0.2,2.9,2.5,14.3,10.08
0,Mark Davis,2,Texas Tech,SWC,30,32.4,6.6,13.3,.499,6.0,11.3,.528,0.7,2.0,.333,3.4,5.5,.614,8.5,4.7,1.7,1.2,3.5,3.4,17.3,1.97
0,Jerome Allen,4,Penn,Ivy,28,33.4,5.1,11.9,.429,3.6,7.3,.500,1.5,4.6,.318,3.0,4.2,.712,4.8,5.7,1.3,0.1,2.3,1.1,14.7,-5.38
0,Fred Hoiberg,4,Iowa State,Big 8,34,36.8,6.1,13.9,.438,3.5,7.6,.459,2.6,6.4,.412,5.1,5.9,.861,5.6,2.2,1.1,0.1,1.9,1.3,19.9,9.70
0,Michael McDonald,3,New Orleans,Sun Belt,29,27.2,4.5,7.8,.573,4.5,7.8,.575,0.0,0.0,.000,2.1,3.7,.585,9.7,0.8,0.9,2.8,2.5,3.3,11.1,-2.49
0,Chris Carr,3,Southern Illinois,MVC,32,33.4,7.8,16.3,.480,6.6,13.1,.500,1.3,3.2,.396,5.2,6.7,.771,7.3,2.1,1.6,0.5,3.2,3.0,22.0,3.34
0,Cuonzo Martin,4,Purdue,Big Ten,32,30.0,6.0,13.7,.439,3.2,7.6,.416,2.8,6.1,.469,3.6,4.5,.799,3.9,2.2,0.7,0.2,1.5,1.1,18.4,5.72
0,Don Reid,4,Georgetown,Big East,31,23.6,2.8,4.8,.595,2.8,4.8,.595,0.0,0.0,,1.5,2.9,.516,5.7,0.8,1.0,1.9,1.4,3.6,7.2,6.41
0,Allen Iverson,2,Georgetown,Big East,37,32.8,8.4,17.6,.480,6.1,11.1,.546,2.4,6.4,.366,5.8,8.6,.678,3.8,4.7,3.4,0.4,3.8,2.4,25.0,9.83
0,Marcus Camby,3,UMass,A-10,33,30.6,7.8,16.3,.477,7.8,16.0,.484,0.0,0.2,.000,4.9,7.1,.700,8.2,1.8,1.0,3.9,2.5,2.6,20.5,8.92
0,Shareef Abdur-Rahim,1,California,Pac-10,28,34.7,7.4,14.2,.518,7.1,13.5,.525,0.3,0.8,.381,6.1,8.9,.683,8.4,1.0,1.9,1.3,3.1,2.1,21.1,6.44
0,Stephon Marbury,1,Georgia Tech,ACC,36,37.4,6.5,14.3,.457,4.1,7.7,.533,2.4,6.6,.370,3.4,4.6,.738,3.1,4.5,1.8,0.1,3.2,2.3,18.9,12.71
0,Ray Allen,3,UConn,Big East,35,31.4,8.3,17.7,.472,5.1,10.6,.477,3.3,7.1,.466,3.4,4.2,.810,6.5,3.3,1.7,0.5,2.3,1.3,23.4,8.19
0,Antoine Walker,2,Kentucky,SEC,36,27.0,6.3,13.7,.463,6.1,12.3,.493,0.3,1.3,.188,2.3,3.6,.631,8.4,2.9,1.7,0.7,2.5,2.4,15.2,10.06
0,Lorenzen Wright,2,Memphis,CUSA,30,35.3,6.9,12.7,.542,6.9,12.7,.543,0.0,0.0,.000,3.6,5.6,.645,10.4,1.2,1.3,2.0,1.9,2.6,17.4,6.58
0,Kerry Kittles,4,Villanova,Big East,30,35.3,7.2,15.8,.455,4.6,9.4,.489,2.6,6.4,.404,3.4,4.8,.710,7.1,3.5,2.4,0.4,1.8,1.5,20.4,11.46
0,Samaki Walker,2,Louisville,CUSA,21,30.2,5.9,9.9,.599,5.9,9.8,.602,0.0,0.0,.000,3.3,5.4,.614,7.5,1.1,0.8,2.0,2.3,2.5,15.1,9.84
0,Erick Dampier,3,Mississippi State,SEC,34,32.7,5.7,10.4,.551,5.7,10.4,.551,0.0,0.0,,3.1,5.0,.612,9.3,2.3,0.5,3.1,2.7,2.5,14.5,8.73
0,Todd Fuller,4,NC State,ACC,31,33.7,7.3,14.4,.506,6.7,13.0,.520,0.5,1.4,.372,5.9,7.4,.799,9.9,1.3,0.3,1.8,2.3,1.5,20.9,7.98
0,Vitaly Potapenko,2,Wright State,MW Coll,26,31.0,7.6,12.6,.604,7.6,12.4,.612,0.0,0.2,.167,5.4,7.6,.716,7.4,1.4,0.4,0.7,3.9,3.7,20.7,-0.49
0,Steve Nash,4,Santa Clara,WCC,29,33.8,5.7,13.1,.430,3.5,6.8,.510,2.2,6.3,.344,3.5,3.9,.894,3.6,6.0,1.3,0.0,3.6,1.5,17.0,4.09
0,Tony Delk,4,Kentucky,SEC,36,26.3,6.4,12.9,.494,3.8,7.1,.535,2.6,5.8,.443,2.4,3.1,.800,4.2,1.8,1.9,0.4,1.8,2.0,17.8,10.06
0,John Wallace,4,Syracuse,Big East,38,36.3,7.7,15.8,.489,6.7,13.4,.501,1.0,2.3,.420,5.8,7.7,.763,8.7,2.4,1.2,1.7,3.2,2.5,22.2,11.35
0,Walter McCarty,3,Kentucky,SEC,36,24.7,4.2,7.8,.543,3.4,6.1,.564,0.8,1.7,.467,2.1,2.9,.721,5.7,2.6,1.2,1.4,2.3,3.3,11.3,10.06
0,Dontae' Jones,1,Mississippi State,SEC,33,30.5,6.0,12.7,.474,5.3,10.2,.516,0.7,2.5,.296,1.9,2.6,.744,6.8,1.9,1.1,0.9,2.2,2.8,14.7,8.73
0,Roy Rogers,4,Alabama,SEC,32,36.7,5.8,11.1,.524,5.8,11.1,.525,0.0,0.0,.000,1.9,3.1,.622,9.3,0.9,0.7,4.9,1.9,2.3,13.5,6.13
0,Derek Fisher,4,Little Rock,Sun Belt,30,36.0,4.3,10.4,.410,2.6,6.1,.429,1.7,4.3,.385,4.2,5.6,.746,5.2,5.1,1.9,0.1,2.7,2.1,14.5,-1.03
0,Jerome Williams,2,Georgetown,Big East,37,27.5,4.0,6.8,.588,3.9,6.6,.601,0.0,0.2,.143,2.3,3.6,.639,8.8,1.4,1.9,0.4,1.9,1.8,10.3,9.83
0,Brian Evans,4,Indiana,Big Ten,31,37.3,6.8,15.3,.447,4.8,10.2,.475,2.0,5.1,.392,5.5,6.5,.847,7.1,4.1,1.4,0.6,2.3,1.8,21.2,10.87
0,Travis Knight,4,UConn,Big East,34,25.1,3.7,7.1,.521,3.7,7.1,.521,0.0,0.0,,1.7,2.5,.694,9.3,2.1,0.7,2.0,2.3,2.4,9.1,8.19
0,Othella Harrington,4,Georgetown,Big East,37,26.6,4.4,7.8,.559,4.4,7.7,.563,0.0,0.1,.000,3.5,4.7,.741,6.9,1.2,0.8,1.6,1.8,2.5,12.2,9.83
0,Mark Hendrickson,4,Washington State,Pac-10,23,33.2,5.5,9.7,.572,5.2,8.3,.623,0.3,1.3,.258,5.1,7.2,.709,9.5,1.6,0.9,0.2,2.8,3.0,16.5,5.86
0,Moochie Norris,1,Auburn,SEC,29,34.8,4.3,10.8,.397,2.3,5.2,.444,2.0,5.6,.354,2.0,2.9,.699,4.0,4.9,1.8,0.0,2.6,1.9,12.5,6.98
0,Jeff McInnis,3,UNC,ACC,31,34.4,5.7,13.2,.435,3.6,7.7,.466,2.2,5.5,.392,2.8,3.5,.800,2.6,5.5,1.2,0.0,2.5,2.3,16.5,11.42
0,Steve Hamer,4,Tennessee,SEC,29,33.0,6.4,11.2,.575,6.4,11.2,.575,0.0,0.0,,5.3,8.7,.615,9.4,1.0,0.4,1.3,2.9,2.9,18.2,9.20
0,Jason Sasser,4,Texas Tech,SWC,31,34.5,6.5,14.2,.458,5.5,11.0,.503,1.0,3.3,.307,5.5,7.5,.726,7.8,2.9,0.7,0.1,2.8,2.1,19.5,2.11
0,Randy Livingston,2,LSU,SEC,13,24.5,1.8,6.4,.289,1.8,4.8,.365,0.1,1.5,.050,2.3,2.9,.789,2.3,5.3,2.1,0.2,2.8,1.8,6.1,5.14
0,Ben Davis,3,Arizona,Pac-10,33,31.5,5.2,9.5,.546,5.2,9.5,.546,0.0,0.0,,3.8,5.6,.690,9.5,0.7,0.6,0.6,2.3,2.8,14.2,8.42
0,Malik Rose,4,Drexel,NAC,31,31.4,7.1,11.9,.595,6.8,11.2,.611,0.2,0.7,.333,5.9,8.2,.714,13.2,1.7,1.1,1.0,2.8,2.7,20.2,-5.06
0,Marcus Brown,4,Murray State,OVC,29,37.2,8.8,18.5,.474,6.2,12.4,.499,2.6,6.0,.423,6.4,7.6,.841,4.8,4.1,2.2,0.3,3.5,2.8,26.4,-3.01
0,Jamie Feick,4,Michigan State,Big Ten,32,30.8,3.6,8.4,.433,3.0,6.3,.473,0.6,2.0,.308,2.2,3.6,.617,9.5,2.3,0.8,0.4,2.2,2.3,10.1,9.04
0,Amal McCaskill,4,Marquette,CUSA,30,26.5,4.1,7.5,.549,4.1,7.4,.550,0.0,0.1,.500,2.1,3.2,.649,8.9,1.3,0.6,1.8,2.6,3.6,10.3,4.93
0,Chris Robinson,4,Western Kentucky,Sun Belt,26,33.1,6.3,13.8,.455,5.1,9.9,.518,1.2,3.9,.297,3.1,4.6,.675,6.2,2.3,2.6,0.7,2.5,3.4,16.8,0.85
0,Mark Pope,5,Kentucky,SEC,36,20.3,2.6,5.4,.482,2.2,4.2,.520,0.4,1.3,.356,2.0,2.9,.683,5.2,1.0,1.0,1.2,1.4,2.8,7.6,10.06
0,Jeff Nordgaard,4,Green Bay,MW Coll,29,39.8,9.6,17.2,.554,9.3,16.4,.566,0.3,0.9,.320,3.2,4.5,.710,6.3,2.3,1.0,0.3,1.8,1.9,22.6,-0.88
0,Shandon Anderson,4,Georgia,SEC,31,28.7,5.7,10.5,.538,5.2,8.9,.582,0.5,1.7,.308,3.0,4.6,.657,5.5,2.7,1.8,0.5,2.5,2.4,14.9,8.14
0,Reggie Geary,4,Arizona,Pac-10,33,33.0,3.3,7.6,.432,1.9,4.0,.474,1.4,3.5,.385,1.9,2.6,.733,3.6,7.0,2.0,0.7,3.3,3.3,9.8,8.42
0,Drew Barry,4,Georgia Tech,ACC,36,36.5,4.1,10.2,.406,2.0,4.4,.456,2.1,5.8,.368,2.9,3.7,.789,4.6,6.6,1.8,0.4,3.6,1.9,13.3,12.71
0,Tim Duncan,4,Wake Forest,ACC,31,36.7,7.5,12.4,.608,7.4,11.7,.628,0.2,0.7,.273,5.5,8.7,.636,14.7,3.2,0.7,3.3,3.2,2.2,20.8,10.53
0,Keith Van Horn,4,Utah,WAC,32,31.5,7.8,15.8,.492,5.9,11.1,.537,1.8,4.7,.387,4.7,5.2,.904,9.5,1.4,0.7,1.2,2.5,1.9,22.0,5.44
0,Chauncey Billups,2,Colorado,Big 12,29,32.7,5.2,12.7,.413,2.7,6.2,.425,2.6,6.4,.401,6.1,7.1,.854,4.9,4.8,2.1,0.1,2.9,1.8,19.1,6.24
0,Antonio Daniels,4,Bowling Green State,MAC,32,36.3,8.7,15.9,.547,7.3,12.7,.576,1.4,3.3,.433,5.1,6.6,.777,2.8,6.8,2.3,0.3,3.2,1.6,24.0,1.56
0,Tony Battie,3,Texas Tech,Big 12,28,34.9,7.4,12.7,.579,7.1,12.1,.588,0.2,0.6,.375,3.8,5.8,.656,11.8,0.8,0.9,2.5,2.8,3.0,18.8,6.72
0,Ron Mercer,2,Kentucky,SEC,40,32.5,7.4,15.1,.493,6.2,11.6,.537,1.2,3.5,.348,2.1,2.6,.781,5.3,2.4,1.7,0.3,1.7,2.4,18.1,9.20
0,Tim Thomas,1,Villanova,Big East,32,31.4,5.8,13.0,.450,4.4,8.6,.507,1.5,4.4,.336,3.8,4.8,.796,6.0,2.1,1.8,1.0,2.8,2.8,16.9,9.45
0,Adonal Foyle,3,Colgate,Patriot,28,37.7,9.9,17.5,.565,9.9,17.3,.571,0.0,0.3,.143,4.5,9.3,.487,13.1,1.9,0.7,6.4,4.2,2.1,24.4,-6.42
0,Danny Fortson,3,Cincinnati,CUSA,33,29.9,7.4,11.9,.620,7.4,11.8,.621,0.0,0.0,.000,6.6,8.5,.772,9.1,1.1,0.6,0.5,3.0,3.3,21.3,5.44
0,Tariq Abdul-Wahad,4,San Jose State,WAC,26,33.4,8.7,17.6,.492,7.7,14.8,.516,1.0,2.7,.366,5.5,7.5,.730,8.8,1.1,1.5,0.7,2.6,2.4,23.8,4.15
0,Austin Croshere,4,Providence,Big East,36,33.1,5.6,12.2,.455,3.9,7.4,.525,1.7,4.9,.349,5.1,5.7,.888,7.5,1.5,1.1,0.7,2.6,2.6,17.9,8.32
0,Derek Anderson,5,Kentucky,SEC,19,25.3,5.8,11.9,.491,3.8,6.9,.553,2.0,4.9,.404,4.1,5.0,.811,4.1,3.5,1.9,0.1,1.7,2.1,17.7,9.20
0,Maurice Taylor,3,Michigan,Big Ten,35,30.1,4.9,9.7,.507,4.9,9.6,.512,0.0,0.1,.200,2.4,3.3,.718,6.2,1.1,0.7,0.9,2.0,2.7,12.3,10.53
0,Kelvin Cato,4,Iowa State,Big 12,28,28.6,4.6,11.2,.408,4.6,11.2,.409,0.0,0.0,.000,2.2,4.0,.540,8.4,0.5,0.9,4.2,1.7,2.9,11.3,6.30
0,Brevin Knight,4,Stanford,Pac-10,30,32.0,4.6,11.4,.408,3.1,7.7,.407,1.5,3.7,.409,5.5,6.6,.834,3.7,7.8,2.8,0.1,3.4,2.8,16.3,9.05
0,Johnny Taylor,2,Chattanooga,Southern,35,30.6,6.1,12.6,.486,5.3,9.8,.542,0.8,2.8,.289,3.5,5.3,.665,7.3,2.1,1.2,0.8,2.1,2.9,16.5,-5.21
0,Scot Pollard,4,Kansas,Big 12,28,25.1,3.4,6.4,.528,3.3,6.3,.525,0.0,0.0,1.000,3.5,5.0,.707,8.3,0.7,1.3,2.6,1.5,2.4,10.3,7.94
0,Paul Grant,5,Wisconsin,Big Ten,28,27.3,4.6,9.3,.494,4.6,9.3,.496,0.0,0.0,.000,3.3,4.6,.713,5.2,0.8,0.5,1.2,2.2,2.9,12.5,9.41
0,Anthony Parker,4,Bradley,MVC,21,34.0,5.2,12.2,.424,3.8,7.5,.510,1.4,4.8,.290,4.8,6.7,.721,5.3,3.4,1.8,0.5,2.7,1.7,16.6,3.39
0,Ed Gray,4,California,Pac-10,26,31.7,8.6,18.7,.461,7.2,13.8,.517,1.5,4.8,.302,6.1,7.7,.790,4.0,2.2,1.7,0.2,3.3,2.6,24.8,10.03
0,Bobby Jackson,2,Minnesota,Big Ten,35,31.5,5.5,12.4,.441,4.6,9.6,.476,0.9,2.8,.320,3.5,4.4,.786,6.1,4.0,2.1,0.2,2.3,3.0,15.3,9.20
0,Rodrick Rhodes,5,USC,Pac-10,25,28.6,4.6,10.2,.447,3.4,7.0,.483,1.2,3.2,.370,3.7,6.2,.597,4.9,4.2,1.6,0.3,3.8,2.6,14.0,10.09
0,John Thomas,4,Minnesota,Big Ten,35,23.8,3.6,6.2,.576,3.6,6.2,.579,0.0,0.0,.000,1.9,3.3,.574,6.3,1.1,0.9,1.5,1.5,2.5,9.0,9.20
0,Charles Smith,4,New Mexico,WAC,33,29.5,6.2,13.5,.457,4.1,7.9,.519,2.0,5.5,.368,3.2,4.2,.748,5.5,2.8,1.5,0.8,2.8,1.9,17.5,3.67
0,Jacque Vaughn,4,Kansas,Big 12,26,31.5,3.0,7.1,.427,2.3,5.0,.466,0.7,2.1,.333,3.4,4.3,.779,2.4,6.2,1.8,0.2,2.5,2.3,10.2,7.94
0,Keith Booth,4,Maryland,ACC,32,34.4,6.4,13.7,.469,6.4,13.0,.490,0.0,0.7,.048,6.7,9.3,.717,7.9,2.6,2.0,0.6,3.2,2.9,19.5,9.30
0,Charles O'Bannon,4,UCLA,Pac-10,32,35.3,6.5,11.8,.551,5.7,9.4,.601,0.8,2.3,.347,3.9,4.9,.791,6.9,2.4,1.1,0.7,2.3,2.2,17.7,10.29
0,James Cotton,4,Long Beach State,Big West,27,35.9,7.3,16.5,.439,4.9,10.2,.484,2.3,6.3,.368,6.6,8.0,.833,5.0,2.6,1.3,0.3,2.2,2.6,23.5,-1.22
0,Bubba Wells,4,Austin Peay,OVC,19,36.1,11.5,22.1,.520,9.0,16.2,.555,2.5,5.8,.423,6.3,8.7,.727,7.1,2.2,1.3,0.6,3.1,2.9,31.7,-7.31
0,Kebu Stewart,2,UNLV,Big West,21,35.1,5.5,11.3,.487,5.5,11.1,.491,0.0,0.2,.250,5.9,8.9,.667,10.0,1.2,0.9,0.5,3.6,2.9,17.0,2.57
0,James Collins,4,Florida State,ACC,31,34.9,5.9,12.8,.458,3.5,6.3,.552,2.4,6.5,.369,2.4,3.6,.670,5.1,2.8,1.8,0.5,2.1,2.7,16.6,9.73
0,Marc Jackson,4,Temple,A-10,31,38.7,5.6,11.8,.478,5.6,11.6,.481,0.1,0.2,.333,4.8,6.2,.767,9.0,1.2,0.9,0.7,1.9,2.1,16.1,9.04
0,Jerald Honeycutt,4,Tulane,CUSA,31,32.3,6.8,15.8,.432,4.6,9.3,.502,2.2,6.6,.333,4.1,5.7,.708,6.5,4.2,2.4,1.5,4.4,2.6,19.9,3.00
0,Anthony Johnson,4,College of Charleston,TAAC,32,34.3,4.9,9.8,.505,4.0,7.5,.536,0.9,2.3,.405,3.1,3.9,.794,3.5,7.2,1.6,0.3,,,13.9,-6.85
0,Jason Lawson,4,Villanova,Big East,34,31.1,4.1,6.8,.604,4.1,6.8,.604,0.0,0.0,,4.3,5.7,.751,7.6,1.5,1.1,3.1,2.4,3.0,12.4,9.45
0,Cedric Henderson,4,Memphis,CUSA,31,34.5,5.9,14.2,.417,5.1,11.2,.460,0.8,3.1,.263,3.4,4.9,.689,6.5,1.4,1.9,1.0,3.3,2.9,16.0,6.46
0,God Shammgod,2,Providence,Big East,36,33.9,3.5,8.0,.441,3.2,6.5,.494,0.3,1.5,.208,3.5,5.2,.665,2.3,6.6,2.4,0.1,3.1,3.4,10.8,8.32
0,Eric Washington,4,Alabama,SEC,30,31.5,5.6,13.0,.429,3.1,6.3,.484,2.5,6.6,.377,2.5,3.2,.773,6.3,1.2,1.5,0.8,1.9,2.4,16.1,6.04
0,Alvin Williams,4,Villanova,Big East,34,34.2,5.8,12.1,.481,4.0,7.1,.560,1.9,5.0,.368,3.6,4.8,.742,5.0,3.8,1.8,0.4,2.7,2.5,17.1,9.45
0,Chris Crawford,4,Marquette,CUSA,31,31.0,5.3,11.4,.469,4.3,8.6,.496,1.1,2.8,.384,3.2,4.2,.769,5.3,1.5,1.1,0.7,2.2,2.9,14.9,3.18
0,DeJuan Wheat,4,Louisville,CUSA,35,34.9,5.5,13.0,.425,2.7,5.2,.527,2.8,7.8,.357,3.5,4.8,.743,2.2,4.3,1.9,0.1,2.6,1.6,17.3,7.76
0,Mark Blount,2,Pitt,Big East,29,26.2,3.5,7.1,.488,3.4,7.1,.488,0.0,0.1,.500,2.1,4.1,.508,4.1,1.0,0.7,2.7,3.0,3.2,9.1,8.81
0,Michael Olowokandi,3,Pacific,Big West,33,,9.4,15.4,.609,9.4,15.4,.609,0.0,0.0,,3.5,7.1,.485,11.2,0.8,0.3,2.9,,,22.2,-0.56
0,Mike Bibby,2,Arizona,Pac-10,35,32.0,6.0,12.9,.464,3.8,7.2,.526,2.2,5.7,.387,3.1,4.1,.755,3.0,5.7,2.4,0.2,2.2,1.6,17.2,8.38
0,Raef LaFrentz,4,Kansas,Big 12,30,30.2,7.7,14.1,.548,7.5,13.5,.552,0.3,0.6,.471,4.0,5.5,.738,11.4,1.0,0.9,1.5,2.5,2.4,19.8,6.54
0,Antawn Jamison,3,UNC,ACC,37,,8.5,14.8,.579,8.4,14.4,.584,0.2,0.4,.400,5.0,7.5,.667,10.5,0.8,0.8,0.8,,,22.2,10.38
0,Vince Carter,3,UNC,ACC,38,,5.9,10.0,.591,4.7,7.2,.662,1.2,2.8,.411,2.6,3.9,.680,5.1,1.9,1.2,0.9,,,15.6,10.38
0,Robert Traylor,3,Michigan,Big Ten,34,,6.6,11.4,.579,6.6,11.4,.580,0.0,0.0,.000,3.1,4.8,.642,10.1,2.6,1.3,1.4,,,16.2,9.64
0,Jason Williams,3,Florida,SEC,20,,5.6,12.7,.441,2.9,6.0,.483,2.7,6.7,.403,3.2,3.8,.840,3.0,6.7,2.7,0.2,,,17.1,6.42
0,Larry Hughes,1,Saint Louis,CUSA,32,,7.0,16.9,.415,5.7,12.3,.461,1.3,4.5,.290,5.6,8.1,.692,5.1,2.4,2.2,0.4,,,20.9,5.51
0,Paul Pierce,3,Kansas,Big 12,38,30.4,7.6,14.7,.513,6.5,11.6,.560,1.1,3.1,.339,4.3,5.8,.738,6.7,2.6,1.1,1.1,2.9,2.3,20.4,6.54
0,Bonzi Wells,4,Ball State,MAC,29,,8.2,16.8,.490,6.4,11.9,.538,1.8,4.9,.373,4.6,6.7,.689,6.3,3.3,3.6,0.7,,,22.8,0.68
0,Michael Doleac,4,Utah,WAC,32,,5.2,10.6,.488,4.8,9.6,.497,0.4,1.0,.406,5.4,6.7,.805,7.1,0.5,0.4,1.0,,,16.1,4.87
0,Keon Clark,2,UNLV,WAC,10,,5.7,10.4,.548,5.3,9.6,.552,0.4,0.8,.500,3.0,4.5,.667,3.0,1.9,0.2,2.6,,,14.8,5.31
0,Michael Dickerson,4,Arizona,Pac-10,35,28.2,6.9,13.5,.510,5.3,9.5,.554,1.6,4.0,.404,2.6,3.4,.758,4.5,1.8,1.1,0.2,2.2,2.3,18.0,8.38
0,Matt Harpring,4,Georgia Tech,ACC,32,,7.2,15.8,.456,5.6,10.5,.530,1.6,5.3,.310,5.6,6.9,.810,9.4,2.6,1.4,0.2,,,21.6,8.70
0,Bryce Drew,4,Valparaiso,Mid-Cont,31,,6.7,14.9,.450,3.7,7.9,.465,3.0,7.0,.433,3.3,4.2,.792,4.2,5.0,1.7,0.1,,,19.8,-2.66
0,Pat Garrity,4,Notre Dame,Big East,27,,7.9,16.5,.481,6.4,12.5,.516,1.5,4.0,.370,5.9,7.9,.750,8.3,2.4,0.6,0.6,,,23.2,6.28
0,Roshown McLeod,5,Duke,ACC,36,,5.4,11.0,.494,4.2,8.1,.524,1.2,3.0,.411,3.1,4.4,.706,5.6,1.4,1.2,0.7,,,15.3,9.33
0,Ricky Davis,1,Iowa,Big Ten,31,,5.6,12.0,.466,4.7,9.0,.518,0.9,2.9,.308,2.9,4.2,.698,4.8,2.4,1.2,0.3,,,15.0,6.04
0,Brian Skinner,4,Baylor,Big 12,28,,6.9,12.4,.553,6.9,12.4,.553,0.0,0.0,,4.4,7.4,.591,9.5,0.5,1.4,3.5,,,18.1,4.89
0,Tyronn Lue,3,Nebraska,Big 12,32,,7.5,17.1,.439,5.1,10.6,.479,2.4,6.5,.373,3.8,4.5,.828,4.3,4.8,2.0,0.1,,,21.2,5.63
0,Felipe Lopez,4,St. John's (NY),Big East,32,,6.4,14.9,.431,4.6,9.4,.487,1.9,5.6,.337,2.8,4.9,.573,4.8,2.7,1.2,0.8,,,17.6,6.77
0,Sam Jacobson,4,Minnesota,Big Ten,32,,6.7,15.8,.426,5.2,11.2,.468,1.5,4.6,.324,3.3,4.5,.727,5.2,1.8,1.3,0.2,,,18.2,8.30
0,Corey Benjamin,2,Oregon State,Pac-10,25,,7.4,13.7,.539,6.2,9.8,.639,1.2,4.0,.293,3.9,5.4,.713,5.0,2.2,1.9,0.7,,,19.8,6.25
0,Nazr Mohammed,3,Kentucky,SEC,39,,4.9,8.2,.597,4.9,8.2,.597,0.0,0.0,,2.3,3.5,.652,7.2,0.7,0.9,1.9,,,12.0,9.85
0,Ansu Sesay,4,Ole Miss,SEC,29,,6.2,13.7,.456,5.5,11.6,.475,0.7,2.1,.350,5.4,7.4,.727,7.6,2.8,1.2,0.9,,,18.6,7.07
0,Ruben Patterson,2,Cincinnati,CUSA,19,,5.7,12.2,.472,4.8,8.6,.555,0.9,3.5,.269,4.1,6.7,.602,6.3,2.2,1.2,0.6,,,16.5,4.98
0,Jelani McCoy,3,UCLA,Pac-10,15,,3.8,6.3,.600,3.8,6.3,.600,0.0,0.0,,2.3,4.5,.522,7.1,0.9,0.5,1.7,,,9.9,11.01
0,Shammond Williams,4,UNC,ACC,38,,5.5,11.3,.488,3.2,5.6,.577,2.3,5.7,.400,3.5,3.8,.911,3.2,4.2,1.0,0.1,,,16.8,10.38
0,Jerome James,3,Florida A&M,MEAC,27,,7.7,15.4,.500,7.7,15.4,.500,0.0,0.0,,4.4,8.0,.553,10.4,1.1,0.6,4.6,,,19.9,-11.83
0,Casey Shaw,4,Toledo,MAC,27,,5.1,9.7,.529,5.1,9.6,.531,0.0,0.0,.000,4.0,6.5,.611,10.0,1.2,0.6,1.5,,,14.2,0.21
0,DeMarco Johnson,4,Charlotte,CUSA,31,,7.7,15.3,.501,7.1,13.7,.518,0.6,1.6,.360,5.1,6.6,.779,9.0,1.4,1.4,0.6,,,21.1,6.73
0,Rafer Alston,1,Fresno State,WAC,33,,3.8,9.4,.401,1.8,3.4,.513,2.0,5.9,.337,1.5,2.0,.758,2.2,7.3,2.1,0.4,,,11.0,5.48
0,Cuttino Mobley,4,Rhode Island,A-10,34,,5.7,11.8,.480,3.6,6.9,.525,2.0,4.9,.416,3.9,4.5,.856,4.3,2.6,1.6,0.5,,,17.2,6.43
0,Miles Simon,4,Arizona,Pac-10,35,31.4,5.7,12.0,.476,4.1,7.6,.540,1.6,4.4,.368,4.1,5.3,.778,3.5,3.5,1.3,0.1,3.0,1.4,17.2,8.38
0,Jahidi White,4,Georgetown,Big East,12,,4.3,6.8,.634,4.3,6.8,.634,0.0,0.0,,1.8,4.2,.440,9.1,0.2,1.0,2.2,,,10.5,5.99
0,Sean Marks,4,California,Pac-10,26,,3.7,7.7,.478,3.6,7.3,.495,0.1,0.4,.182,2.4,3.5,.689,7.6,0.7,1.0,0.9,,,9.8,7.99
0,Toby Bailey,4,UCLA,Pac-10,33,,6.2,14.1,.443,4.8,9.7,.497,1.4,4.4,.324,4.0,5.4,.737,5.9,4.1,1.2,0.7,,,17.9,11.01
0,Andrae Patterson,4,Indiana,Big Ten,32,,4.8,9.6,.495,4.4,8.5,.524,0.3,1.1,.278,2.8,3.5,.793,5.8,1.4,0.9,0.9,,,12.6,10.71
0,Tyson Wheeler,4,Rhode Island,A-10,34,,5.1,12.6,.402,2.4,5.3,.458,2.7,7.4,.363,2.1,3.2,.648,2.6,6.0,1.3,0.1,,,14.9,6.43
0,Ryan Stack,4,South Carolina,SEC,31,,3.5,6.9,.498,3.0,5.4,.548,0.5,1.5,.319,2.2,3.1,.708,6.0,1.0,0.7,1.8,,,9.6,8.77
0,Cory Carr,4,Texas Tech,Big 12,27,,7.7,18.3,.423,5.3,11.0,.480,2.5,7.3,.338,5.3,6.1,.861,4.9,2.6,1.1,0.3,,,23.3,5.34
0,Derrick Dial,4,Eastern Michigan,MAC,29,,7.7,15.8,.484,4.9,9.0,.548,2.7,6.8,.399,2.9,3.7,.785,6.7,2.3,1.3,0.9,,,20.9,2.67
0,Greg Buckner,4,Clemson,ACC,32,,6.4,11.9,.537,5.8,10.1,.575,0.6,1.8,.328,2.9,4.2,.696,4.1,2.6,1.6,0.3,,,16.3,10.34
0,Tremaine Fowlkes,4,Fresno State,WAC,32,,5.0,10.3,.491,4.8,9.1,.533,0.2,1.2,.162,3.7,5.8,.636,11.2,1.0,1.6,0.3,,,13.9,5.48
0,Ryan Bowen,4,Iowa,Big Ten,31,,5.3,8.8,.603,5.0,8.3,.607,0.3,0.5,.533,3.6,5.2,.689,8.7,1.5,2.5,1.3,,,14.4,6.04
0,J.R. Henderson,4,UCLA,Pac-10,33,,6.9,12.9,.536,6.8,12.5,.545,0.1,0.4,.286,5.0,7.9,.638,7.8,1.5,1.2,0.4,,,19.0,11.01
0,Torraye Braggs,2,Xavier,A-10,30,,4.4,8.1,.541,4.4,8.1,.541,0.0,0.0,,4.2,5.7,.731,8.2,2.4,1.4,0.4,,,13.0,4.76
0,Maceo Baston,4,Michigan,Big Ten,30,,4.3,7.2,.597,4.3,7.2,.597,0.0,0.0,,4.1,6.3,.654,7.4,1.2,0.8,1.1,,,12.7,9.64
0,Elton Brand,2,Duke,ACC,39,29.3,6.5,10.5,.620,6.5,10.5,.620,0.0,0.0,,4.6,6.6,.707,9.8,1.1,1.3,2.2,1.7,2.5,17.7,10.14
0,Steve Francis,1,Maryland,ACC,34,30.7,6.0,11.5,.523,4.7,8.1,.580,1.3,3.4,.388,3.6,4.6,.790,4.5,4.5,2.8,0.2,3.0,2.8,17.0,9.10
0,Baron Davis,2,UCLA,Pac-10,27,30.7,5.6,11.6,.481,4.3,7.8,.548,1.3,3.8,.343,3.5,5.8,.599,3.6,5.1,2.5,0.4,3.3,3.5,15.9,8.84
0,Lamar Odom,1,Rhode Island,A-10,32,34.9,6.3,13.2,.482,5.3,10.0,.530,1.0,3.1,.330,3.9,5.7,.687,9.4,3.8,0.8,1.5,3.4,2.9,17.6,5.59
0,Wally Szczerbiak,4,Miami (OH),MAC,32,33.8,8.4,16.2,.522,6.5,10.6,.609,2.0,5.5,.356,5.4,6.5,.831,8.5,2.9,1.2,1.0,3.2,3.1,24.2,4.48
0,Richard Hamilton,3,UConn,Big East,34,32.1,7.3,16.4,.443,5.3,10.6,.496,2.0,5.8,.347,5.0,6.0,.833,4.8,2.7,1.2,0.3,2.4,1.6,21.5,8.80
0,Andre Miller,4,Utah,WAC,33,33.1,5.8,11.7,.491,5.1,9.2,.553,0.7,2.5,.265,3.6,5.2,.690,5.4,5.6,2.5,0.5,2.8,1.8,15.8,3.30
0,Shawn Marion,1,UNLV,WAC,29,32.9,7.6,14.4,.529,6.9,12.1,.573,0.7,2.3,.299,2.8,3.8,.730,9.3,1.2,2.5,1.9,1.4,2.1,18.7,4.52
0,Jason Terry,4,Arizona,Pac-10,29,38.2,7.2,16.3,.443,4.6,9.7,.473,2.6,6.6,.398,4.9,5.8,.839,3.3,5.5,2.8,0.2,4.1,1.4,21.9,8.31
0,Trajan Langdon,4,Duke,ACC,36,31.0,5.3,11.5,.462,2.2,4.4,.497,3.1,7.1,.441,3.6,4.2,.842,3.4,1.9,1.4,0.1,1.8,2.3,17.3,10.14
0,Corey Maggette,1,Duke,ACC,39,17.7,3.5,6.7,.525,2.8,4.5,.610,0.7,2.2,.345,2.8,4.0,.716,3.9,1.5,0.7,0.4,2.1,2.5,10.6,10.14
0,William Avery,2,Duke,ACC,39,31.0,5.2,10.4,.495,3.2,5.7,.566,1.9,4.7,.411,2.6,3.2,.810,3.5,5.0,1.5,0.0,2.6,2.2,14.9,10.14
0,Metta World Peace,2,St. John's (NY),Big East,37,34.2,5.3,11.3,.469,3.7,7.1,.525,1.6,4.2,.374,2.3,3.6,.644,6.3,4.2,2.1,1.2,2.8,2.3,14.5,9.09
0,Cal Bowdler,4,Old Dominion,CAA,34,30.0,5.3,10.7,.492,5.0,9.7,.517,0.3,1.0,.257,3.9,5.4,.731,10.0,1.3,0.5,2.9,2.2,1.0,14.7,-1.68
0,James Posey,3,Xavier,A-10,36,35.2,5.3,10.9,.488,4.0,7.2,.550,1.3,3.6,.366,5.0,6.1,.814,8.9,2.3,2.8,0.9,3.3,3.4,16.9,3.89
0,Quincy Lewis,4,Minnesota,Big Ten,27,33.8,8.4,18.3,.457,6.4,13.4,.478,2.0,4.9,.398,4.4,5.5,.811,5.9,1.4,1.9,0.6,2.1,2.9,23.1,9.93
0,Dion Glover,1,Georgia Tech,ACC,33,,6.7,15.2,.441,5.4,10.2,.525,1.4,5.0,.271,3.6,5.6,.640,5.0,2.6,2.1,0.2,,,18.4,8.70
0,Jeff Foster,4,Texas State,Southland,28,28.1,5.1,10.2,.498,5.1,10.2,.498,0.0,0.0,,4.0,5.8,.693,11.3,1.5,1.1,1.0,2.0,1.0,14.2,-8.23
0,Kenny Thomas,4,New Mexico,WAC,26,34.7,6.2,11.4,.545,5.2,8.6,.603,1.0,2.8,.370,4.3,5.9,.734,10.0,2.0,1.6,2.4,2.6,2.5,17.8,0.74
0,Tim James,4,Miami (FL),Big East,30,31.9,7.2,15.0,.477,6.8,13.7,.495,0.4,1.4,.293,3.8,5.5,.697,8.2,0.8,1.3,2.2,3.2,1.7,18.6,9.18
0,Vonteego Cummings,4,Pitt,Big East,26,35.5,5.9,14.3,.411,4.3,9.5,.452,1.6,4.8,.331,2.8,4.0,.699,4.1,4.3,2.7,0.4,3.2,2.9,16.1,7.23
0,Jumaine Jones,2,Georgia,SEC,30,34.4,6.6,14.8,.445,5.0,10.2,.489,1.6,4.6,.348,4.1,5.6,.726,9.5,1.2,1.1,0.7,2.5,2.4,18.8,7.19
0,Scott Padgett,4,Kentucky,SEC,37,29.1,4.2,9.1,.466,2.6,4.7,.543,1.6,4.3,.381,2.5,3.7,.681,5.9,2.6,1.3,0.6,1.8,2.3,12.6,9.93
0,John Celestand,4,Villanova,Big East,31,32.5,4.9,11.2,.437,3.0,6.3,.479,1.9,5.0,.383,3.2,4.0,.798,3.1,4.4,1.3,0.3,3.0,2.2,14.9,7.89
0,Michael Ruffin,4,Tulsa,WAC,33,32.2,3.5,6.7,.527,3.5,6.6,.537,0.0,0.1,.000,4.5,7.5,.603,10.4,1.4,1.8,2.6,2.7,3.0,11.6,4.45
0,Chris Herren,5,Fresno State,WAC,25,27.4,3.6,8.9,.408,1.9,4.3,.435,1.8,4.6,.383,2.3,3.4,.682,1.6,7.2,1.0,0.0,2.8,1.0,11.4,3.66
0,Evan Eschmeyer,4,Northwestern,Big Ten,29,32.3,6.2,10.6,.584,6.2,10.6,.584,0.0,0.0,,7.2,9.4,.762,10.1,2.6,0.8,1.7,3.2,3.4,19.6,9.10
0,Calvin Booth,4,Penn State,Big Ten,27,34.9,5.8,11.3,.513,5.8,11.1,.523,0.0,0.2,.000,3.7,4.8,.775,8.7,0.9,0.6,3.5,2.3,2.2,15.3,8.61
0,Obinna Ekezie,4,Maryland,ACC,24,25.6,4.3,8.9,.488,4.3,8.8,.493,0.0,0.1,.000,4.0,5.8,.693,5.9,0.9,0.7,1.5,,,12.7,9.10
0,Laron Profit,4,Maryland,ACC,34,28.9,5.4,10.8,.503,4.7,8.6,.553,0.7,2.3,.312,2.9,4.4,.676,4.8,2.1,2.0,0.4,2.5,2.3,14.5,9.10
0,A.J. Bramlett,4,Arizona,Pac-10,29,31.3,5.5,10.3,.535,5.5,10.3,.537,0.0,0.0,.000,3.1,5.4,.576,9.4,1.2,0.8,1.3,2.0,3.2,14.2,8.31
0,Francisco Elson,2,California,Pac-10,32,19.8,2.5,4.9,.513,2.5,4.9,.513,0.0,0.0,,0.7,1.6,.412,5.1,0.5,0.8,1.3,1.1,2.6,5.7,7.85
0,Lee Nailon,2,TCU,WAC,31,31.9,8.6,16.9,.508,8.5,16.4,.515,0.1,0.5,.267,5.5,7.7,.715,9.3,2.5,1.2,0.9,3.2,3.6,22.8,4.90
0,Ryan Robertson,4,Kansas,Big 12,33,35.3,4.1,9.4,.439,2.6,5.2,.494,1.5,4.2,.370,3.1,3.5,.871,4.0,3.2,1.7,0.4,1.5,2.3,12.8,9.10
0,Todd MacCulloch,4,Washington,Pac-10,29,31.2,7.2,10.9,.662,7.2,10.9,.662,0.0,0.0,,4.2,7.1,.595,11.9,0.8,1.0,1.6,1.4,2.6,18.7,10.02
0,Lari Ketner,3,UMass,A-10,29,30.3,4.4,10.4,.422,4.4,10.4,.422,0.0,0.0,,2.0,3.5,.559,8.3,1.2,0.4,2.2,1.7,3.1,10.8,6.00
0,Venson Hamilton,4,Nebraska,Big 12,33,,5.9,11.8,.500,5.9,11.7,.501,0.0,0.0,.000,3.9,6.0,.657,10.2,1.6,2.0,2.4,,,15.7,5.85
0,Rodney Buford,4,Creighton,MVC,31,32.6,6.6,14.2,.469,4.9,10.1,.481,1.8,4.0,.440,3.5,4.3,.820,7.2,2.2,1.9,0.3,2.3,1.8,18.6,4.86
0,Tim Young,5,Stanford,Pac-10,33,24.9,3.6,7.1,.506,3.6,7.1,.506,0.0,0.0,,2.8,3.5,.825,7.2,2.0,0.4,0.9,1.8,2.5,10.0,10.34
0,Kenyon Martin,4,Cincinnati,CUSA,31,29.3,7.1,12.5,.568,7.1,12.3,.573,0.1,0.2,.286,4.5,6.6,.684,9.7,1.4,1.4,3.5,1.8,2.3,18.9,8.50
0,Stromile Swift,2,LSU,SEC,34,29.8,6.1,10.1,.608,5.9,9.3,.634,0.2,0.7,.280,3.7,6.1,.617,8.2,0.9,1.5,2.8,2.4,2.6,16.2,5.78
0,Marcus Fizer,3,Iowa State,Big 12,37,33.6,8.8,15.2,.582,8.4,14.1,.600,0.4,1.1,.357,4.7,6.5,.732,7.7,1.1,0.8,1.1,2.1,2.8,22.8,7.14
0,Mike Miller,2,Florida,SEC,37,28.6,4.7,9.9,.476,3.5,6.2,.559,1.3,3.8,.338,3.4,4.6,.729,6.6,2.5,1.2,0.4,1.9,1.9,14.1,8.51
0,DerMarr Johnson,1,Cincinnati,CUSA,32,27.5,4.4,9.2,.478,2.8,4.8,.575,1.6,4.4,.371,2.2,3.0,.737,3.8,1.4,1.0,0.9,1.4,2.0,12.6,8.50
0,Chris Mihm,3,Texas,Big 12,33,30.7,6.2,11.9,.523,6.0,11.5,.525,0.2,0.5,.467,5.0,7.0,.707,10.5,0.7,0.3,2.7,2.5,2.7,17.7,9.61
0,Jamal Crawford,1,Michigan,Big Ten,17,33.9,6.2,15.0,.412,4.2,9.1,.468,1.9,5.9,.327,2.4,3.0,.784,2.8,4.5,1.1,0.9,3.1,1.1,16.6,9.27
0,Joel Przybilla,2,Minnesota,Big Ten,21,30.4,5.8,9.5,.613,5.8,9.5,.613,0.0,0.0,,2.6,5.3,.495,8.4,2.4,0.8,3.9,3.7,2.9,14.2,9.62
0,Keyon Dooling,2,Missouri,Big 12,31,31.7,4.7,12.0,.389,2.8,6.5,.424,1.9,5.5,.347,4.0,5.4,.743,2.7,3.6,1.4,0.5,2.5,1.8,15.3,8.22
0,Jerome Moiso,2,UCLA,Pac-10,33,29.5,5.2,10.3,.501,5.1,10.1,.508,0.0,0.2,.167,2.6,4.3,.613,7.6,1.2,1.1,1.7,2.7,2.8,13.0,10.11
0,Etan Thomas,4,Syracuse,Big East,29,32.4,5.1,8.5,.602,5.1,8.5,.602,0.0,0.0,,3.4,5.0,.678,9.3,0.6,0.8,3.7,2.0,3.2,13.6,6.20
0,Courtney Alexander,5,Fresno State,WAC,27,36.1,9.3,20.9,.447,7.2,14.4,.499,2.1,6.5,.331,4.0,5.1,.781,4.7,3.5,1.4,0.1,2.5,2.3,24.8,3.58
0,Mateen Cleaves,4,Michigan State,Big Ten,26,31.5,4.2,10.0,.421,3.0,6.7,.443,1.2,3.3,.376,2.5,3.3,.756,1.8,6.9,1.4,0.2,3.7,2.2,12.1,9.91
0,Jason Collier,4,Georgia Tech,ACC,30,32.5,5.9,12.5,.473,4.9,9.7,.503,1.0,2.8,.369,4.1,5.5,.735,9.2,1.6,0.8,1.1,3.2,2.7,17.0,7.00
0,Desmond Mason,4,Oklahoma State,Big 12,34,35.4,6.2,12.4,.499,4.3,8.1,.536,1.9,4.4,.430,3.7,4.8,.767,6.6,1.5,1.2,1.0,1.8,2.0,18.0,6.59
0,Quentin Richardson,2,DePaul,CUSA,33,34.8,6.1,14.2,.432,3.9,8.4,.464,2.2,5.8,.384,2.5,3.6,.706,9.8,2.2,1.1,0.3,2.3,2.3,17.0,7.83
0,Jamaal Magloire,4,Kentucky,SEC,33,29.6,4.5,9.0,.500,4.5,9.0,.500,0.0,0.0,,4.2,6.2,.685,9.1,0.5,0.5,1.7,2.9,2.8,13.2,12.71
0,Speedy Claxton,4,Hofstra,AEC,31,35.1,8.2,17.4,.470,6.5,13.0,.500,1.6,4.3,.381,4.8,6.3,.764,5.4,6.0,3.3,0.2,3.3,2.3,22.8,-6.03
0,Morris Peterson,5,Michigan State,Big Ten,39,29.1,5.6,12.0,.465,3.4,6.9,.494,2.2,5.1,.425,3.5,4.5,.773,6.0,1.3,1.2,0.3,2.2,2.0,16.8,9.91
0,Donnell Harvey,1,Florida,SEC,37,20.2,3.9,7.7,.507,3.9,7.6,.509,0.0,0.0,.000,2.3,3.8,.610,7.0,1.0,0.7,0.8,1.6,2.7,10.1,8.51
0,Mamadou N'Diaye,4,Auburn,SEC,34,26.6,2.9,5.5,.535,2.9,5.5,.535,0.0,0.0,,3.0,4.6,.665,7.9,0.5,0.8,1.9,,,8.9,8.20
0,Erick Barkley,2,St. John's (NY),Big East,28,36.9,5.7,14.3,.398,3.9,8.6,.454,1.8,5.7,.313,2.9,4.4,.664,3.0,4.5,3.0,0.3,2.4,2.3,16.0,6.96
0,Mark Madsen,4,Stanford,Pac-10,23,27.3,4.7,8.0,.587,4.7,8.0,.587,0.0,0.0,,2.8,4.9,.575,9.3,1.1,0.6,0.9,1.5,2.3,12.2,7.12
0,Dan Langhi,4,Vanderbilt,SEC,30,34.4,7.4,15.5,.477,5.5,10.7,.511,1.9,4.8,.403,5.4,6.2,.871,6.0,0.8,0.4,0.3,1.8,1.9,22.1,7.54
0,A.J. Guyton,4,Indiana,Big Ten,29,34.3,7.0,15.3,.459,4.6,9.4,.485,2.5,5.9,.419,3.1,3.9,.789,3.1,2.3,1.0,0.4,2.4,0.9,19.7,10.22
0,Jake Voskuhl,4,UConn,Big East,34,22.9,3.2,5.6,.571,3.2,5.6,.571,0.0,0.0,,2.1,3.1,.683,6.4,1.1,0.5,1.4,1.8,2.7,8.5,7.58
0,Khalid El-Amin,3,UConn,Big East,35,31.9,5.6,13.6,.411,3.8,8.5,.443,1.8,5.1,.356,3.1,3.4,.892,3.1,5.2,1.7,0.1,2.7,2.1,16.0,7.58
0,Mike Smith,2,Louisiana-Monroe,Southland,28,36.1,6.7,15.8,.424,4.0,7.8,.511,2.7,7.9,.338,4.0,5.0,.801,9.4,3.4,1.5,0.9,4.3,2.0,20.1,-5.85
0,Eddie House,4,Arizona State,Pac-10,32,37.2,8.2,19.5,.422,5.9,13.2,.449,2.3,6.3,.365,4.3,5.1,.835,5.5,3.5,2.3,0.1,2.3,2.1,23.0,8.75
0,Eduardo Najera,4,Oklahoma,Big 12,34,34.2,6.9,15.1,.455,6.4,12.7,.500,0.5,2.4,.220,4.1,5.9,.688,9.2,2.1,1.7,0.7,2.4,2.9,18.4,6.63
0,Lavor Postell,4,St. John's (NY),Big East,33,35.0,5.2,12.1,.428,4.4,9.5,.463,0.8,2.6,.294,3.2,4.0,.809,6.9,1.8,0.9,0.6,1.5,2.4,14.3,6.96
0,Hanno Mottola,4,Utah,MWC,21,27.6,5.5,11.1,.498,4.5,8.2,.549,1.0,2.9,.350,5.0,6.0,.827,4.8,1.7,0.2,0.6,3.0,3.2,17.0,4.36
0,Michael Redd,3,Ohio State,Big Ten,30,33.5,6.6,15.1,.436,5.4,11.5,.474,1.1,3.6,.315,3.0,3.9,.776,6.5,2.1,1.2,0.2,2.1,1.9,17.3,6.55
0,Brian Cardinal,4,Purdue,Big Ten,32,29.5,4.3,10.4,.411,3.0,6.5,.455,1.3,3.9,.339,4.1,5.3,.769,6.3,2.2,2.0,0.3,2.3,2.7,13.9,9.56
0,Jabari Smith,2,LSU,SEC,34,28.5,4.6,8.3,.553,4.2,7.3,.579,0.4,1.0,.371,2.9,4.9,.595,7.0,2.2,0.7,1.0,2.6,2.5,12.5,5.78
0,Jason Hart,4,Syracuse,Big East,32,33.8,3.9,9.5,.411,2.7,5.9,.460,1.2,3.6,.330,2.9,4.0,.734,3.0,6.5,1.8,0.1,3.5,2.4,11.9,6.20
0,Kaniel Dickens,2,Idaho,Big West,29,27.4,4.1,8.4,.486,3.6,7.2,.502,0.4,1.2,.382,3.5,5.5,.638,6.6,0.9,0.9,0.9,2.2,3.3,12.1,1.53
0,Dan McClintock,4,Northern Arizona,Big Sky,31,24.3,6.1,10.3,.597,6.1,10.3,.597,0.0,0.0,,3.3,4.9,.682,6.5,1.2,0.4,2.3,1.8,2.8,15.6,1.37
0,Chris Porter,2,Auburn,SEC,26,29.0,5.4,11.7,.464,5.3,11.0,.477,0.2,0.7,.235,3.6,5.3,.676,7.3,1.2,2.0,0.3,2.1,2.7,14.6,8.20
